Timestamp,Email Address,Property Address (One per form),Total Showings for the Property,Feedback Received,Additional Comments,Score,Property Social Media views,New Marketing Links (Paste URLs) ,Upcoming Plans / Strategy
3/24/2026 13:47:30,daniel.estrada@compass.com,sd,asd,asd,das,,,,
3/24/2026 14:12:38,daniel.estrada@compass.com,234 Washington,5,great propertyt,,,,,
3/25/2026 11:48:59,daniel.estrada@compass.com,"6149 Southwest 69th Street, Unit 12",5,"Property showed great but needs more room
Great area for kids
Thinking about submitting an offer
The yard isn't big enough
Too small",,,,,
3/30/2026 8:33:11,chelsea.bagley@compass.com,6900 Bay Dr #6B,0,,"Adjusted the price to $277,000 this week",,,,
3/30/2026 11:19:36,cweiss835@gmail.com,See details below,see details below ,"234 Washington Ave. 0 showings - No showings last week. Will plan third showing for family that saw it last week for a time next week. 

7334 Harding Unit 106	0	

763 PENNSYLVANIA AVE UNIT: 116	1 showing 
The buyer is still undecided on the area and wants to check out different areas before committing to any property. 

320 85 ST	1 Showing 
Tenant decided on another unit better suited for him.

8000 Harding - 0 showings 
1 request made but tenants couldn’t accommodate so working on a time to reschedule now. 

6061 Collins Ave 5F		- 1 Showing 

The buyer was picturing how to renovate the unit, wants to change the floor and paint… so those are good signs they see the potential in the unit. They want to analyze the building financials so are sharing now 

244 biscayne #3702 - 1 showing for investor clients. He liked the unit but is early on in his search. He is exploring different neighborhoods and wants to see more properties.  

1376 SW 4th St	1 Showing Tenannt liked
Tenant liked the unit but didn’t love the neighborhood. 

(DANIEL PLEASE INCLUDE MARKET INSIGHTS) 6845 SW 129 Terr	0 showings property officially on Private Exclusive. 

10449 SW 78th St	1 Showing
Tenannt liked it a lot but wants to see more options before making a decision. 

17301 Biscayne Blvd, Unit 1401 - 0 showings 

West Eleventh - no calls or conversations last week. 
		",,,,,
3/30/2026 11:40:39,adriana.briceno@compass.com,2000 Island blvd 2409,0,-,,,,,
3/30/2026 11:52:37,adriana.briceno@compass.com,190 ne 173rd st,1,"Open house brought 1 realtor previewing for clients who are out of state. Has not been able to arrange a second showing for her clients yet. 

","Price has been reduced to 699k

This week we will launch more promotional videos although Easter has been known to be slow, we will target digitally all the people in town via Facebook.",,,,
3/30/2026 11:57:11,adriana.briceno@compass.com,6620 indian creek dr ,1,"Buyer's who toured the property have decided to send an offer to 5750 Collins Ave unit 4F which is asking $739,000 for a 1,515 SQFT. Less quality buidling but lower HOA and same view from inside the unit. 

Adriana: Hope they get that offer accepted so that unit can leave the market since it is our direct competition. ",,,,,
3/30/2026 12:24:54,danica.noynay@compass.com,8351 NW 7th Ct Plantation- Received one showing. They're renters and they like the property but they're still looking on more properties.  47 NE 80th Ter- No showing but we are receiving low offers. 9827 NW 37th St Unit# 4F- No showing request.,8351 NW 7th Ct Plantation- Received one showing.,,"8351 NW 7th Ct Plantation- Received one showing.
They're renters and they like the property but they're still looking on more properties.

47 NE 80th Ter- No showing but we are receiving low offers.
9827 NW 37th St Unit# 4F- No showing request.",,,,
4/1/2026 11:13:21,rafael.beltran@compass.com,12160 St Andrews PL #205 Miramar FL 33025,1,"""Hay 1 apartamento en mejores condiciones 2/2 en el 12172 por $285k y dispuestos a negociar""",Hay un 2/2 en la comunidad de al lado que acaba de bajar el precio a $275 lo cual nos saca por completo del radar de los compradores por ahora.,,,,
4/1/2026 11:21:31,rafael.beltran@compass.com,55 SE 6TH ST UNIT 1608,7,"3 Buyers Liked the property and are considering sending an offer, 1 person has it as the top of the ones he have seen so far,  but they are still exploring other options due to vast Market inventory ","Clients Comments about the unit: ""Fridge needs to be replaced""  from 2 different buyers - ""Shower needs to be redone"" -  ""Unit need a deep cleaning"" (Multiple clients)",,,,
4/1/2026 11:35:20,rafael.beltran@compass.com,275 NE 18th ST Miami unit 306,1,"The client did not like the lack of privacy, especially because people can see inside the home from the street.","We are priced well, but the market is still offering a large inventory of options. I suggest we adjust the price more aggressively so we can get as many buyers through the door as possible and hopefully create a multiple offer situation that gives us leverage to choose the highest and best offer. Let us know if you are open to reduce the asking price to $380k.",,,,
4/6/2026 14:45:12,connor.weiss@compass.com,"13800 SW 79 CT, Palmetto Bay",7,"7 private showings last week. Feedback was mixed—one buyer felt the rooms were too small, another thought it looked too much like a flip and didn’t match their style. Two buyers considered it a top contender but had concerns about storage, specifically the lack of a garage and limited closet space inside the home. A few others mentioned they really liked the property but are continuing to explore other options before making a decision.",,,,,
4/6/2026 14:55:19,anna.jimenez@compass.com,3655 sw 17,1 Sunday 29th,offer sent ,,,,,
4/6/2026 14:59:22,anna.jimenez@compass.com,4540 nw 79 1A,24,1 submitting an offer- worried about humid smell- water damage on wall - wish had w/d inside - liked the private yard - liked living area space,reviewing offer,,,,
4/6/2026 15:08:48,connor.weiss@compass.com,7700 SW 139th Ter. ,3,"3 private showings last week. One cancelled last minute—currently working to reschedule. One buyer liked the home but noted the limited storage space. Another buyer also liked it and is considering it as an option, though still exploring other homes. He especially loved the second lot but did mention the lack of a hallway bathroom. Planning to host another open house this Saturday from 1–3 PM.",,,,,
4/6/2026 15:10:16,connor.weiss@compass.com,7680 SW 156 Ct Apt 115 ,7,7 private showings last week. Expecting a full-price offer today. Overall feedback is positive and the home is experiencing high activity. ,,,,,
4/6/2026 15:18:47,connor.weiss@compass.com,234 Washington Ave. ,2,"There were two showing requests last week; however, both were declined as no showings were permitted at that time. I am currently coordinating with the agents to reschedule.",,,,,
4/6/2026 15:19:35,connor.weiss@compass.com,7334 Harding Unit 106,0,,,,,,
4/6/2026 15:20:43,connor.weiss@compass.com,763 PENNSYLVANIA AVE UNIT: 116,1,One private showing last week. The buyer is interested in submitting a cash offer and is currently awaiting more definitive information from management regarding the upcoming assessment.,,,,,
4/6/2026 15:23:24,connor.weiss@compass.com,320 85 ST. #15,3,"Three private showings last week. One client showed strong interest and plans to return for a second showing with their husband. Another renter felt the unit was not the right fit, while a third expressed interest but is currently exploring other options before making a decision.",,,,,
4/6/2026 15:24:10,connor.weiss@compass.com,8000 Harding Ave #2b,1,"1 Showing Request, but tenant couldn't accommodate the date and time. Buyer saw another unit in building and decided the building was not for him.  ",,,,,
4/6/2026 15:24:56,connor.weiss@compass.com,244 biscayne #3702,0,,,,,,
4/6/2026 15:25:39,connor.weiss@compass.com,1376 SW 4th St,0,,,,,,
4/6/2026 15:26:10,connor.weiss@compass.com,6845 SW 129 Terr,0,Brokers Open this Wednesday and Open House on Saturday!,,,,,
4/6/2026 15:27:24,connor.weiss@compass.com,6061 Collins Ave 5F,0,,,,,,
4/6/2026 15:31:01,connor.weiss@compass.com,10449 SW 78th St,3,Three private showings were scheduled last week; one canceled last minute and is being rescheduled. One prospect showed interest but is exploring other options before deciding. Another prospect showed concern over the parking situation as they have many cars.,,,,,
4/13/2026 9:10:13,anna.jimenez@compass.com,4540 nw 79th ave 1A,7,liked the yard space- location- cons: wished had w/d inside the unit- smelled muggy,Under contract- escrow paid- applying to association,,,,
4/13/2026 9:14:39,anna.jimenez@compass.com,133 NE 2 ave unit 1208,0,,Daniel please send stats this one is on PE,,,,
4/13/2026 10:26:29,danica.noynay@compass.com,47 NE 80th Ter- Received one showing.,1 Showing,"8351 NW 7th Ct Plantation- No showings.
9827 NW 37th St Unit# 4F- No showings. 
47 NE 80th Ter- Received one showing.
The client was virtual and havent decided yet. 
",,,,,
4/13/2026 13:43:43,connor.weiss@compass.com,6845 SW 129 Terr,18,"8 private showings, 10 families attended the open house, and 3 offers received.",,,,,
4/13/2026 13:44:04,connor.weiss@compass.com,244 biscayne #3702,0,,,,,,
4/13/2026 13:44:21,connor.weiss@compass.com,17301 Biscayne Blvd #1401,0,,,,,,
4/13/2026 13:47:13,connor.weiss@compass.com,763 PENNSYLVANIA AVE UNIT: 116,1,Buyer stopped by while the guest was present. Agent reported the clients felt the unit was too small and they didn't like the building overall. They will not be moving forward.,,,,,
4/13/2026 13:48:02,connor.weiss@compass.com,8000 Harding #2B,1,One showing was canceled last minute. The buyer had already viewed another unit in the building and decided they were not interested in the building overall.,,,,,
4/13/2026 13:52:03,connor.weiss@compass.com,7334 Harding Unit 106,2,Two private rental showings last week; both clients liked the unit but are considering other options before deciding.,,,,,
4/13/2026 13:53:18,connor.weiss@compass.com,17301 Biscayne Blvd #1401,1,"The showing went great; it was for a realtor previewing the property for her clients. Her clients are investors who want to rent right away. I walked her through all the amenities, and showed her the value of the building, which is what tenants would want to see. 
Her clients need to get on a flight and come here to see it in person, so she will encourage them to do that, and get back to me to make an appointment for them to see it. ",,,,,
4/13/2026 13:56:43,connor.weiss@compass.com,6061 Collins Ave 5F,0,No showings last week; currently working on scheduling several for this week.,,,,,
4/13/2026 14:00:33,connor.weiss@compass.com,320 85 ST #15,2,Two private showings last week. One client was not a fit due to no in-unit washer/dryer and the pool being closed. Another liked the unit but is exploring other options. A third showing canceled last minute and is being rescheduled for this week.,,,,,
4/13/2026 14:07:23,connor.weiss@compass.com,234 Washington Ave. #A,10,"10 People attended the Open House this past weekend. Overall, the feedback was very positive—most described the property as beautiful, well-designed, and well-maintained. The entrance was a major highlight, along with the two parking spaces..

One agent followed up afterward and mentioned that while they liked the property and are interested in bringing their client, they did notice a slight odor in the bedroom area. Despite that, they are still considering showing it to their client. I will follow up to see if they move forward.

Working to schedule a showing with a family who previously showed strong interest, along with their parents, who will be funding the purchase.",,,,,
4/13/2026 14:09:56,connor.weiss@compass.com,1376 SW 4th St. ,1,"Overall, the showing went well and the feedback was positive. The renters loved the kitchen and described the property as beautiful. It was a family of four, potentially interested but still considering their options. 

The tenant was not present, but the condition of the unit was not ideal—there was significant clutter in one of the bedrooms, as well as in the kitchen and one of the bathrooms. ",,,,,
4/13/2026 14:11:17,connor.weiss@compass.com,10449 SW 78th St,2,"2 private showings last week. Feedback is positive. One agent said they are going to prepare an offer. The other agent said the parking situation might be an issue for their clients but overall, they liked the home. ",,,,,
4/13/2026 15:10:41,connor.weiss@compass.com,"13800 SW 79 CT, Palmetto Bay",15,"Offer received and accepted. A second backup offer has also been received. Strong activity overall, with 10 families attending the open house this past weekend and 5 additional private showings.",,,,,
4/13/2026 15:16:18,connor.weiss@compass.com,7700 SW 139th Ter. ,3,3 people attended the open house. There were also a few inquiries last week regarding the rental listing.,,,,,
4/13/2026 15:18:16,connor.weiss@compass.com,8405 SW 144th ST,6,"Going live this Wednesday. 3 private showings last week. We also hosted a broker’s open last Wednesday with 3 brokers in attendance. Feedback has been positive overall - people love the kitchen, the finishes throughout, the size of the lot, and the additional storage in the garage. One person mentioned the dining area felt a bit dark, and a few noted the home’s location on a busy street.",,,,,
4/13/2026 15:22:57,connor.weiss@compass.com,7680 SW 156 Ct Apt 115 ,7,7 Private showings last week. 11 Offers Received to date. Several more showings scheduled for this upcoming week. ,,,,,
4/13/2026 15:25:45,connor.weiss@compass.com,8300 SW 158 ST. ,16,"8 families attended the open house this past weekend, along with 3 private showings during the week. A broker’s open was also hosted, with 5 agents in attendance. Overall feedback has been positive—buyers love the home and its finishes, though some noted that the room sizes are on the smaller side. A few also mentioned that the laundry area would benefit from being enclosed with a door.",,,,,
4/20/2026 9:41:19,anna.jimenez@compass.com,133 ne 2 Ave unit 1208,0  please show the marketing stats ,,listing was canceled a will be repositioned as desired to coming soon.,,,,
4/20/2026 10:39:03,adriana.briceno@compass.com,190 NE 173rd St ,1,"This was a Realtor preview in the property for her clients who need to move to Miami, and want a place that is close by synagogue and close by shops and restaurants walking distance

They loved how we renovated. The unit is inside. Clients will fly in town beginning of May 
",,,,,
4/20/2026 10:40:36,adriana.briceno@compass.com,6620 Indian Creek Dr #609 ,3,"This was a couple who are currently renting in the building and they are ready to buy their own property. They already love Peloro. They like to finishes of the unit and they absolutely love the view. Made verbal offer for 850k, I informed them it was too low. 

Thursday
French lady, did not like the mirrors.
She’s also looking at unit 112 which is priced at 699. Looking for the best price not the best unit or best view 


Friday 11:00 am 
Clients loved the building and appreciate the privacy. They were looking for something ocean view first but they really enjoyed this building so they are considering the bay view instead. Following up today since they had more showings over the weekend",,,,,
4/20/2026 10:41:14,adriana.briceno@compass.com,2251 NW 48th,No Showings,,,,,,
4/20/2026 10:42:57,adriana.briceno@compass.com,3600 Mystic Pointe Dr #1201,1,Client thought the unit needed entire gut renovation and made only verbal offer but extremely low. I asked them to give written offers only but they are not ready to move forward.,,,,,
4/20/2026 12:54:45,danica.noynay@compass.com,8351 NW 7th Ct Plantation and  9827 NW 37th St Unit# 4F,2,"8351 NW 7th Ct Plantation- Received one showing.
No feedback. 

9827 NW 37th St Unit# 4F- Received one showing.
Going through the process.",,,,,
4/20/2026 15:40:55,connor.weiss@compass.com,234 Washington Ave. #A,1,Client looking for second home in Miami - the wife lived here for 10+ years but they now live in Hawaii. He thinks the home is great but has concerns over the split levels. He thinks they are a little too much for their 2 year old and 7 week old. He think the most they could do is two levels. ,,,,,
4/20/2026 15:41:36,connor.weiss@compass.com,1945 S Ocean Dr #M2,0,No showings last week,,,,,
4/20/2026 15:42:12,connor.weiss@compass.com,244 biscayne #3702,0,No showings last week. Going live Wednesday.,,,,,
4/20/2026 15:47:07,connor.weiss@compass.com,6061 Collins Ave 5F,3,"Friday 10:30 am 
Loved the view and the spacious floorplan. Did not like the building nor amenities 

Friday 10:45 
Loved the ocean view and the three balconies, they are ok with waiting on the building to renovate but did not like the value of the monthly HOA payments 

Friday 1 pm 
Buyer took video of the views because he really loved the idea of having three balconies all facing the ocean. He sees a potential in the building, and it’s OK to wait until everything is done because the property is for himself.",,,,,
4/20/2026 15:50:04,connor.weiss@compass.com,17301 Biscayne Blvd #1401,1,Realtor brought her client who flew in to see this unit. Client loved how spacious the balcony is and loved the building amenities. They had more options to see in the same building - agent wants to know more about the HOA reduction in the future.,,,,,
4/20/2026 15:51:40,connor.weiss@compass.com,320 85 ST #15,4,One offer Received. Another said they were interested in submitting one but has not sent us anything. ,,,,,
4/20/2026 15:54:09,connor.weiss@compass.com,7334 Harding Unit 106,3,3 Private showings last week. 2 for rent and 1 for purchase. The rental showings went well but they want to see more options before making a decision. The showing for purchase also went well. The buyer is an older woman and is all cash. Her family is deciding if the property is a good fit due to laundry outside and the stairs in front and back. They liked the location at lot too. ,,,,,
4/20/2026 15:56:14,connor.weiss@compass.com,10449 SW 78th St,2,"Showing went well. Client made an offer but than retracted it after seeing it a second time with wife, who was not a big fan of the property. ",,,,,
4/20/2026 16:00:03,connor.weiss@compass.com,8000 Harding Ave #2B,1,"Buyer liked it, but it worried it is too dark due to the unit being on the second floor. He is exploring his options further. ",,,,,
4/20/2026 16:01:12,connor.weiss@compass.com,763 PENNSYLVANIA AVE UNIT: 116,2,2 Showing request last week but could not accommodate the scheduled times. ,,,,,
4/21/2026 13:51:57,connor.weiss@compass.com,1376 SW 4th St,0,,,,,,
4/21/2026 13:53:36,connor.weiss@compass.com,7700 SW 139th Ter. ,6,"3 attendees at the open house and 3 private showings last week. One buyer is particularly interested and plans to return for a second showing with his wife; however, he may need to sell his current home first. Two buyers mentioned they love the lot, though noted some street noise in the backyard. Zillow saves have increased to 100+ following the recent price reduction.",,,,,
4/21/2026 13:54:26,connor.weiss@compass.com,8405 SW 144th ST,16,"16 people attended the open house this past weekend. Overall feedback was very positive —buyers loved the finishes and the size of the rooms. Some drawbacks noted included the busy street, the kitchen island being close to the surrounding space, and one attendee mentioned they didn’t love the terrace roof. ",,,,,
4/21/2026 13:54:56,connor.weiss@compass.com,8300 SW 158 ST. ,18,"18 People attended Open House, 2 offers received. ",,,,,
4/21/2026 13:56:54,connor.weiss@compass.com,7680 SW 156 Ct Apt 115 ,8,8 Private Showings last week. Multiple people interested. One party specifically let us know they will be submitting an offer but we have not received anything yet. ,,,,,
4/27/2026 9:45:48,adriana.briceno@compass.com,190 NE 173rd St,1,"Wednesday 1:00pm

Could not show the master bedroom as it was occupied. 

Clients loved the designed painted walls and the furniture. They only have one baby so it is a great match for a starter home. Said the house needs a fence and theywould want to put glass doors on the porch. 
",,,N/A,,
4/27/2026 9:51:13,adriana.briceno@compass.com,"6620 Indian Creek Dr, Unit 609",3,"Wednesday 3 pm 
Buyer is a single man with two grown up sons. Wishes the second bedroom was larger for them 

Thursday 12:30 
Clients already familiar with the building but had never seen the rooftop before. They are moving from out of state and asked if possible to negotiate the furniture. Couple with no children. 

Friday 1:40 pm 
Realtor previewing unit for her client who is out of the country. She thinks they will love the view and they want the furniture as well. She will get them to fly here soon to see the unit by themselves.

",,,N/A,,
4/27/2026 9:52:39,adriana.briceno@compass.com,"2000 Island Blvd, Unit 2409",1,"Thursday 3:30

Buyers already live in the property. Asked if furniture was negotiable 

Think the unit needs about $200k to get it completely renovated how they would wish.

",,,N/A,,
4/27/2026 11:19:17,connor.weiss@compass.com,7700 SW 139th Ter.,3,Feedback has been mixed—some buyers mentioned the backyard experiences noise. One buyer who toured on Sunday is familiar with the area and responded positively to the home. Another noted that the lower ceiling height could be a concern due to his height.,,,N/A,,
4/27/2026 11:20:00,connor.weiss@compass.com,8405 SW 144th ST.,6,"6 private showings last week. Overall feedback has been very positive. Some buyers mentioned concerns about the main street, and a few noted they didn’t love the terrace roof. One person also mentioned they wish the garage had direct access to the house. Otherwise, buyers are responding well to the finishes and layout.",,,N/A,,
4/27/2026 11:20:32,connor.weiss@compass.com,7680 SW 156 Ct Apt 115 ,2,"2 private showings occurred last week. Additionally, 4 separate inquiries were made directly to Karina. We are currently working with them to coordinate showings and verify qualifications.",,,N/A,,
4/27/2026 12:29:59,danica.noynay@compass.com,"8351 NW 7th Ct, Plantation , 9827 NW 37th St,  47 NE 80th Ter, Miami Unit #4F, ",5,"8351 NW 7th Ct, Plantation – Received one showing.
The buyer liked the property and is currently viewing other options. Sheree will follow up.

9827 NW 37th St, Unit #4F – Received three showings.
One applicant went through the process but was declined. We are currently awaiting the other two to submit their credentials.

47 NE 80th Ter, Miami – Received one showing and three offers.",,,NA,,
4/27/2026 13:07:35,connor.weiss@compass.com,244 Biscayne #3702,1,1 Showing requested last week. Client liked it but is exploring his options before making a decision. ,,,687,,
4/27/2026 13:09:05,connor.weiss@compass.com,1945 S Ocean Dr. #M2,1,"The prospective tenant is also an agent who currently lives in the building. She mentioned that she liked the unit overall but is still undecided on whether she needs the additional space, as it would just be for herself. She also noted that the price felt a bit high.
She mentioned it was somewhat difficult to fully assess the unit due to the current tenant being in the process of moving out, with boxes throughout the space. She expressed interest in returning for another showing next week once the unit is fully vacated.",,,N/A,,
4/27/2026 13:11:01,connor.weiss@compass.com,6061 Collins Ave 5F,2,"Wednesday at 2:30 PM
Buyer requested a copy of the floor plan, as he is considering a full renovation. He specifically mentioned interest in expanding the den/bedroom to create a larger space.

Saturday at 1:00 PM
Agent previewing the property for her clients. They are seeking an oceanfront condo and were drawn to the spacious floor plan. The agent wanted to assess the current state of construction before bringing them through. Their maximum HOA budget is $2,000/month.""",,,"5,223",,
4/27/2026 13:13:29,connor.weiss@compass.com,17301 Biscayne Blvd #1401,2,"11:00 AM Showing
Young buyer who works from home. He really liked the floor plan, noting that it offers ample space for both his work equipment and personal belongings. He is also interested in the building overall and is currently exploring other available units as well.

3:00 PM Showing
Buyers appreciated that the unit receives both sunrise and sunset light. They are specifically looking for a corner unit and feel this one could be a strong fit.
They mentioned their lender would require approximately 60 days to close, which is a positive sign they may be serious about moving forward.",,,"3,219",,
4/27/2026 13:14:35,connor.weiss@compass.com,234 Washington Ave. #A,0,"No showings last week; however, we are coordinating with the family who visited a couple of weeks ago to schedule a time for the mother-in-law to come view the property.
We also have one showing scheduled for tomorrow afternoon.",,,N/A,,
4/27/2026 13:15:42,connor.weiss@compass.com,320 85 ST #15,4,"4 Private showings last week. One prospective tenant is a single buyer and a North Beach local. He liked the unit but is not planning to move until June, so he intends to continue exploring his options. He also mentioned a preference for an unfurnished unit. Another agent shared that her client liked the property and is currently preparing an offer. Regarding the offer received, we are still waiting to hear back after informing them that you are open to adding a couch to the unit. 4th Showing said they are moving forward with another option.",,,N/A,,
4/27/2026 13:57:28,anna.jimenez@compass.com,133 ne 2 Ave unit 1208,physical 0   calls 3 ,"3 calls two agents 1 a consumer:::   one asking if building allows airbnb, answered questions for leender- inquiry about the area .","please send compass stats / marketing emails open, etc.",,love this was added. ,,
4/27/2026 14:01:42,connor.weiss@compass.com,763 PENNSYLVANIA AVE UNIT: 116,1,"One private showing took place last Sunday after the guest checked out. The agent shared that the property “showed well” and is a contender, but they plan to view a few more properties this week before making a decision.

There were also a few additional showing requests last week that couldn’t be accommodated due to the guest’s schedule; we are currently working on rescheduling those for sometime this week.",,,N/A,,
4/27/2026 14:02:24,connor.weiss@compass.com,8000 Harding Ave #2B,0,,,,N/A,,
4/27/2026 14:03:36,connor.weiss@compass.com,1376 SW 4th St,3,"Three showings last week. Overall feedback has been positive regarding the finishes; however, some buyers felt the bedroom sizes were too small for their needs, and a few expressed reservations about the location.

The third showing went very well, and the agent indicated they are preparing an offer.",,,N/A,,
4/27/2026 14:05:01,connor.weiss@compass.com,10449 SW 78th St,4,"4 Private showings last week. Two of the showings were with the same agent, who is searching for herself. She liked the unit and returned for a second visit with her husband; however, he ultimately did not move forward due to the lack of doors on the bedrooms. The third showing also went well—they liked it, appreicated the water views. The husband decided that the location was too far from their job. Pending more official feedback from 4th Showing.",,,N/A,,
4/27/2026 14:07:45,connor.weiss@compass.com,7334 Harding Unit 106,2,2 Private showings last week. 1 for purchase and 1 for rent. Rental showing said “We're still making a decision. I'll let you know if we decide to go with that listing. Thanks.” Showing for sale liked it but is exploring more options first.,,,N/A,,
4/27/2026 14:08:54,connor.weiss@compass.com,West Eleventh,0,,,,N/A,,
4/27/2026 15:57:29,lilibeth.basagoitia@compass.com,1900 sunset harbour 703,2,"1st showing:
They liked the building, but the floor is too low for them. They’re looking for a higher floor.

2nd showing: 
Pending feedback","Please send property stats and include me in email. 
Don’t forget to include both owners Luisina and Pablo",,?,,
5/4/2026 9:26:21,chelsea.bagley@compass.com,6900 Bay Dr #6B,"1, agent Natalia",No feedback recieved,,,(How do I look this up Daniel?),,
5/4/2026 10:10:26,adriana.briceno@compass.com,"190 NE 173rd St, Miami, FL 3316",1,"Buyers are older couple, their kids are grown, but they have grandkids. Interested in the depth of the pool and size of the lot. 
Loved the different trees in the backyard and loved that they have enough space for more trees.",,,N/A,,
5/4/2026 10:13:38,adriana.briceno@compass.com,"2000 Island Blvd, Unit 2409  Aventura, FL 33160",1,"Great second showing. The wife was envisioning her belongings in the kitchen 
They want to renovate the bathrooms but happy to keep some furniture since it fits the property well 
Realtor helping them analyze the costs in order to send offer",,,N/A,,
5/4/2026 11:03:02,connor.weiss@compass.com,234 Washington Ave,1,1 showing last week. We provided the prospect with a full property analysis and have been following up throughout the week for more detailed feedback. We are currently awaiting a response.,,,N/A,,
5/4/2026 11:03:44,connor.weiss@compass.com,1376 SW 4th St,0,No showings last week. We are still waiting to hear back from the agent following submission of our counteroffer.,,,N/A,,
5/4/2026 11:04:24,connor.weiss@compass.com,6061 Collins Ave #5F,2,"• One prospect (single buyer) responded very positively—she loved the three balconies, the mirrored finishes reflecting the views, and the overall spaciousness of the unit. She also fully understood the assessment and timeline, as she is comparing similar units with comparable conditions.
• The second showing was a couple without representation. They were drawn to the direct oceanfront balconies and even commented that the photos looked enhanced because of how attractive the palm views were. They estimate approximately $150K in renovations would be needed.",,,N/A,,
5/4/2026 11:04:50,connor.weiss@compass.com,17301 Biscayne Blvd #1401,1,"1 showing last week. The husband previewed the unit for his wife. She is expected to arrive Thursday, and we will schedule a second showing if they decide to move forward after comparing other options.",,,N/A,,
5/4/2026 11:06:38,connor.weiss@compass.com,763 Pennsylvania Ave #116,3,"3 private showings last week.
• One buyer is very interested but hesitant to proceed until more clarity is provided regarding the upcoming assessment.
• Another prospect liked the unit but is continuing to explore additional options before making a decision.
• The third showing went well; however, the buyer is financing, which we know can be challenging in this building. They are currently working with their lender to evaluate feasibility.",,,1122,,
5/4/2026 11:07:34,connor.weiss@compass.com,1945 S Ocean Dr,1,"1 showing last week with a realtor who lives in the building (second visit). She ultimately decided not to move forward, citing pricing concerns and she does not love the idea of living on the ground floor for security reasons. ",,,N/A,,
5/4/2026 11:08:19,connor.weiss@compass.com,244 Biscayne Blvd #3702,1,"1 private showing last week. The agent reported that their client liked the unit and is considering it, but they are still evaluating other options. ",,,1028,,
5/4/2026 11:09:01,connor.weiss@compass.com,8000 Harding Ave #2B,0,"No showings last week. We did receive one inquiry from an agent requesting details regarding the building’s financials, including reserves, assessments, and recertification status.",,,N/A,,
5/4/2026 11:15:55,connor.weiss@compass.com,7334 Harding Ave #106,4,4 private showings last week—1 for sale and 3 for rental interest. One renter ended up finding a place near FIU. A few other showings said they still want to explore their options before making a decision. ,,,N/A,,
5/4/2026 11:16:29,connor.weiss@compass.com,320 85 St #15,4,"4 showings last week.
• One offer has been received
• Another agent indicated their client is leaning toward submitting an offer
• The remaining prospects showed interest but are continuing to view other properties and are not in a rush to move",,,N/A,,
5/4/2026 11:16:57,connor.weiss@compass.com,West Eleventh,-,No calls or activity last week.,,,-,,
5/4/2026 12:24:50,danica.noynay@compass.com,9827 NW 37th St Unit# 4F,Received four showings and one was rescheduled for this week.,No feedback received. ,,,N/A,,
5/4/2026 12:25:23,danica.noynay@compass.com,47 NE 80th Ter Miami,1,No feedback received.,,,N/A,,
5/4/2026 12:26:49,danica.noynay@compass.com,8351 NW 7th Ct Plantation,0,"Received one showing request but agent is unresponsive upon confirming.
",,,N/A,,
5/4/2026 12:27:26,danica.noynay@compass.com,9827 NW 37th St Unit# 4F.,Received four showings and one was rescheduled for this week,No feedback received.,,,N/A,,
5/4/2026 13:26:29,connor.weiss@compass.com,7700 SW 139th Ter,6,One family wanted something more updated and did not like the busy street. One person mentioned low ceilings. A few buyers want to see more options before making a decision. 1 lowball offer submitted; counteroffer sent. ,,,843,,
5/4/2026 13:32:30,connor.weiss@compass.com,8405 SW 144th St.,10,"4 private showings and 6 groups attended the open house
Many buyers love the interior and finishes. One person noted the yard may need some work.
Some questioned the size of the primary bedroom relative to the secondary bedroom. A few buyers felt the home may be priced high.

1 offer received at $1.4M
1 offer received at $1.15M
1 verbal offer received at $1.3M",,,918,,
5/4/2026 13:33:54,connor.weiss@compass.com,7680 SW 156 Ct Apt 115,5,"5 private showings last week, with several more scheduled this week.
The verbal offer mentioned has not been received in writing at this time.",,,194,,
5/4/2026 13:34:48,connor.weiss@compass.com,8931 SW 182 Ter,1,Client loved the home. 1 full-price offer submitted.,,,N/A,,
5/4/2026 14:42:16,lilibeth.basagoitia@compass.com,"1900 Sunset Harbour #703 Miami Beach, FL 33139",1,"A couple with a 3-year-old viewed the property. They liked the unit overall but decided to pass, as they felt the amenities were limited and are looking for a building with a wider range of high-end amenities.","Please include property stats,  send to both owners, Luisina and Pablo and CC me in the email. Thank you!

P.S. I did not see the email sent last week with the 2 feedback provided. If it was not sent please include those as well",,N/A,,
5/11/2026 11:07:58,connor.weiss@compass.com,234 Washington Ave. ,0,No showings last week but Joanna will be showing today. ,,,N/A,,
5/11/2026 11:08:38,connor.weiss@compass.com,6061 Collins Ave 5F,1,1 showing scheduled last week but could not accommodate the 4 PM time change. Trying to reschedule for a time this week. ,,,N/A,,
5/11/2026 11:09:19,connor.weiss@compass.com,17301 Biscayne Blvd #1401,0,No Showings last week. ,,,1621,,
5/11/2026 11:10:28,connor.weiss@compass.com,763 PENNSYLVANIA AVE UNIT: 116,3,"1) They’re thinking about it. They saw a few homes so they’re going over numbers.
2) Clients were not very interested in the property / building. 
3) Third showing cancelled last minute but rescheduling for later this week. 
An agent who saw the unit a few weeks ago told me he should be sending us an offer today. ",,,N/A,,
5/11/2026 11:11:18,connor.weiss@compass.com,1945 S Ocean Dr #M2,2,"Two showings last week from the same person. He really liked it and was super interested, then he went ghost. He let me know he was looking at other places that day. Will continue to follow up with him.",,,N/A,,
5/11/2026 11:12:06,connor.weiss@compass.com,244 Biscayne #3702,1,1 Showing last week cancelled but rescheduled for today (5/11). Hosting Open House tomorrow afternoon. ,,,1076,,
5/11/2026 11:12:51,connor.weiss@compass.com,8000 Harding Ave #2B,2,"1) Clients are from NY, looking to purchase a home in north beach that they can use seasonally and rent out the rest of the year. The Agent said her clients are not interested.
2) Buyer lives nearby but decided against the unit because she wants to be on a higher floor. ",,,N/A,,
5/11/2026 11:13:14,connor.weiss@compass.com,West Eleventh,0,No Calls or conversations last week,,,N/A,,
5/11/2026 11:13:40,connor.weiss@compass.com,Rise Building #1012,0,,,,2893,,
5/11/2026 11:15:14,connor.weiss@compass.com,7334 Harding Unit #106,3,Three private showings last week. Two for sale and one for rent. One agent said that their client did not like the lack of parking. Another feels as though the unit is dark as it is on the lower level. One buyer did like it a lot but wants to see more options before making a final decision.  ,,,N/A,,
5/11/2026 11:32:30,anna.jimenez@compass.com,133 ne 2 ave unit 1208,2,"Thurs: agent videoed and reviewed for client that is out of the country liked the unit, well taken care of, however is looking to stay below the $400K mark, still looking at others.

Fri: The couple from Boston were in awe of how well taken care the unit is and layout, liked having the tenant paying $2,900; they are returning in 3 weeks to resume looking, they just started their search.","I have been running Paid ADS in Instagram since Thursday May 7th,2026- May 12, 2026- This past week to calls were for someone to love in (an end user).",,"105,575  views",,
5/11/2026 11:49:15,danica.noynay@compass.com,8351 NW 7th Ct Plantation,1,"This unit is at the top of their list. However, the buyer is discussing with his family whether a first-floor bedroom is a requirement, as they have older parents who may be visiting and could need accommodations on the first floor. That said, this property remains one of their top choices.",,,NA,,
5/11/2026 11:49:48,danica.noynay@compass.com,9827 NW 37th St Unit# 4F,2,"No feedback received.
",,,NA,,
5/11/2026 11:50:09,danica.noynay@compass.com,47 NE 80th Ter Miami,0,NA,,,NA,,
5/11/2026 12:02:49,chelsea.bagley@compass.com,6900 Bay Dr #6B,0,0,,,?,,
5/11/2026 13:47:37,cweiss835@gmail.com,1376 SW 4th St,1,Showing went well. The clients want to see more options at this time.,,,N/a,,
5/11/2026 14:54:12,cweiss835@gmail.com,8405 SW 144th ST,5,"5 private showings last week. General feedback is positive and overall people love the finishes and layout of the home. Some people have mentioned the main street and the lack of garage access from home is a concern. Some people also really wish the home had a pool for the price.

One couple came twice- the wife loves the home but husband feels as though the street is too busy.

 
Two offers received. ",,,N/a,,
5/11/2026 14:55:22,cweiss835@gmail.com,7700 SW 139th Ter.,1,One private showing last week for rent. He loved it and wants to come back this week to see it again with his wife. He has been a long term tenant in Pinecrest but the owner is selling the home which is why he is now looking to move. ,,,N/A,,
5/11/2026 14:56:10,cweiss835@gmail.com,7680 SW 156 Ct Apt 115 ,5,5 private showings last week. One offer received. ,,,N/A,,
5/11/2026 15:09:17,lilibeth.basagoitia@compass.com,1900 Sunset Harbour #703,0,,"Please include stats, state that the email blast was sent out. Remember to include both owners and CC me in the email. Thank you!",,-,,
5/18/2026 9:55:45,lilibeth.basagoitia@compass.com,1900 Sunset Harbour Dr. #703,1,The client feels the apartment is too small compared to other properties she’s considering and also did not like that the balcony overlooks the valet parking area.,"Please send stats,  include both owners in email and CC me",,"1,550",,
5/18/2026 11:05:17,danica.noynay@compass.com,"9827 NW 37th St, Unit 4F",1,"• Received 1 showing request, but it was cancelled.

• One showing is scheduled for Saturday.
• Received 2 rental inquiries; however, neither met the credit qualification requirements.",,,NA,,
5/18/2026 11:06:09,danica.noynay@compass.com,8351 NW 7th Ct,2,"• Received 2 showing requests.

• One showing request was cancelled.
• The second request was last-minute, and unfortunately, we were unable to accommodate it.",,,NA,,
5/18/2026 11:06:39,danica.noynay@compass.com,47 NE 80th Ter,0,• No showing requests received at this time.,,,NA,,
5/18/2026 13:46:04,connor.weiss@compass.com,234 Washington Ave. A,1,1 Private showing last Monday. Overall went well. Pending more detailed feedback from the agent. Will continue to follow up,,,n/a,,
5/18/2026 13:46:29,connor.weiss@compass.com,West Eleventh,0,no calls last week,,,n/a,,
5/18/2026 13:46:48,connor.weiss@compass.com,763 PENNSYLVANIA AVE UNIT: 1161,1,We had one private showing. The buyer is an investor who is already very familiar with both the building and the area. The agent mentioned that the client is currently running numbers and evaluating the opportunity before making any decisions.,,,n/a,,
5/18/2026 13:47:09,connor.weiss@compass.com,1376 SW 4th St,1,"We had one showing this week, and overall the feedback was positive. The buyer is originally from Miami and currently lives in DC. She seemed to really like the home and mentioned wanting to schedule a second showing so her husband can see the garage, as he wasn’t able to attend the first visit.",,,n/a,,
5/18/2026 13:47:58,connor.weiss@compass.com,7334 Harding Unit 106,3,"We had 3 private showings total — two for rent and one for sale. For the rental showings, one client decided to move forward with another option that was more affordable. The second rental showing went well overall, but the client is still exploring other options before making a decision. For the sale showings, one buyer mentioned they did not like the building itself and will not be moving forward. There was one other showing cancelled last minute, but we are currently working on getting it rescheduled.",,,n/a,,
5/18/2026 13:48:56,connor.weiss@compass.com,6061 Collins Ave 5F,2,"The first buyer is a single man relocating from Denver, although he’s originally from Miami. He’s looking for a beachfront condo to use as a home base while also renting it out when he’s out of town seasonally, so he really liked the building’s flexible rental policies. The views and location were the biggest selling points for him. His agent mentioned the unit is currently a top contender, although they are still exploring other options.
Sunday’s showing was with investor clients from Ohio who already own several units at the Fontainebleau. They also responded very positively to the unit and intend to use it as a rental property. Their main hesitation was the timeline for the work that still needs to be completed.",,,n/a,,
5/18/2026 13:49:17,connor.weiss@compass.com,17301 Biscayne Blvd #1401,2,"The first showing was with agents who FaceTimed their client in Brazil during the walkthrough. They were already familiar with the building and mentioned their client liked the unit. Their client is expected to be in town in early June and would like to see it in person if it’s still available at that time.

The second showing was with a couple who were both the Realtors and the clients themselves. They recently moved from California and are currently renting in Mid-Beach while looking for a place to put down roots. They are primarily searching closer to the beach, but were drawn to this unit because of the views. They also liked the updated features throughout both the unit and the building. At the moment, they are still exploring their options before making a decision.",,,n/a,,
5/18/2026 13:49:35,connor.weiss@compass.com,1945 S Ocean Dr #M2,2,"We had two private showings. One of the buyers visited the unit for a third time and appears to have strong interest. He mentioned that if he decides to submit an offer, it will likely be an aggressive one. The second showing ultimately decided against the unit because it is on the ground floor. The prospective tenant was a young female and had concerns regarding safety.",,,n/a,,
5/18/2026 13:50:35,connor.weiss@compass.com,244 biscayne #3702,1,The buyer is not interested.  The wife had a look around the neighborhood and didn’t like the neighborhood. ,,,n/a,,
5/18/2026 13:50:58,connor.weiss@compass.com,8000 Harding Ave #2B,1,"We had one private showing on Monday afternoon. The buyer is a father looking to purchase the unit for his daughter. They liked the layout of the unit as well as the location, but are still touring other properties before making a decision.

There was also another showing request, but unfortunately it could not be accommodated due to the tenants not being available for the requested time change.",,,n/a,,
5/18/2026 13:51:40,connor.weiss@compass.com,Rise Building #1012,2,"We had two private showings. The first buyers are still considering whether or not they will move forward with submitting an offer - they liked it. The second showing decided not to move forward, as they did not feel the area was the right fit for them.",,,716,,
5/18/2026 13:53:30,connor.weiss@compass.com,7700 SW 139th Ter. ,6,"6 showings total. Three parties attended the open house, with two additional rental showings and one private showing on Monday.
Some Feedback we've heard included concerns about the lack of a hallway bathroom, the roof and A/C appearing to need updates, and the power lines in the backyard, which raised concerns for some buyers regarding aesthetics and electrical exposure.",,,n/a,,
5/18/2026 13:55:47,connor.weiss@compass.com,8405 SW 144th ST,9,"3 private showings took place during the week, and 6 parties attended the Open House this past weekend.

One of the parties followed up today expressing strong interest in the property and requested the appraisal report, so I provided the available comparable sales from the report.

One buyer noting a leak underneath the terrace during open house. ",,,n/a,,
5/18/2026 13:56:55,connor.weiss@compass.com,7680 SW 156 Ct Apt 115 ,6,6 Private showings last week. 2 Full priced offers received. ,,,N/A,,
5/25/2026 10:34:17,adriana.briceno@compass.com,190 NE 173rd St,0,No Showings,,,N/A,,
5/25/2026 10:44:02,adriana.briceno@compass.com,2000 Island Blvd #240,0,,We are expecting an offer but the buyer is waiting on renovations quote. ,,N/A,,
5/25/2026 10:46:24,adriana.briceno@compass.com,6620 Indian Creek Dr 609,2,"Monday- the buyers already own a property at Peloro but looking for a place for their son. 

Thursday- family with two babies relocating to Miami Beach for work. Loved all the closet spaces the most. They want to see more properties and circle back with more feedback.",,,N/A,,
5/26/2026 11:52:56,connor.weiss@compass.com,1376 SW 4th St,1,"The renters went back for a second showing, but unfortunately their car did not fit inside the garage so they will not be moving forward. ",,,N/A,,
5/26/2026 11:53:20,connor.weiss@compass.com,West Eleventh,No calls or conversations last week.,,,,N/A,,
5/26/2026 11:54:33,connor.weiss@compass.com,Rise Building #1012,1,The apartment showing request was cancelled last minute.,,,N/A,,
5/26/2026 11:55:20,connor.weiss@compass.com,1945 S Ocean Dr #M2,0,No showing request last week. One scheduled for this week. ,,,N/A,,
5/26/2026 11:56:09,connor.weiss@compass.com,244 biscayne #3702,1,"We had one showing last week. The agent mentioned the showing went well overall, but ultimately the unit was too small for her clients’ needs.",,,N/A,,
5/26/2026 11:57:31,danica.noynay@compass.com,8351 NW 7th Ct Plantation,2,"1.The people who saw the property last Wednesday loved it, but they wanted to see a few more places before making a decision.
2. The people who were scheduled to view the property on Saturday were unable to see it. I reached out to ask if they would like to reschedule.
",,,NA,,
5/26/2026 11:58:00,danica.noynay@compass.com,9827 NW 37th St Unit# 4F,2,"1. The people who saw the property on Friday submitted an offer.
2. No feedback for Thursday showing.
",,,NA,,
5/26/2026 11:59:38,connor.weiss@compass.com,763 PENNSYLVANIA AVE UNIT: 116,1,"The agent mentioned the showing went well overall and that the clients thought the unit was nice, but they are primarily looking for something closer to the beach on Collins.",,,N/A,,
5/26/2026 12:00:17,connor.weiss@compass.com,6061 Collins Ave 5F,0,No Showings Last Week,,,N/A,,
5/26/2026 12:02:33,connor.weiss@compass.com,8000 Harding #2B,0,"We had four private showing requests last week — three for sale and one for rent. Unfortunately, we were unable to accommodate the requests as the tenants were out of town and beginning the moving process.",,,N/A,,
5/26/2026 12:06:16,connor.weiss@compass.com,17301 Biscayne Blvd #1401,2,"We had two private showings last week.

The first showing was with a family that currently lives in the building and is renting another unit. They really liked the views, as their current unit is on a different line, but are still unsure if they want to move forward since they are currently in a three-bedroom unit.

The second showing was with a buyer who liked both the building and the unit overall, but is continuing to tour other properties before making a decision.",,,N/A,,
5/26/2026 12:16:05,connor.weiss@compass.com,7334 Harding Unit 106,4,"4 Private showings last week. 3 For sale and 1 for rent. One of the buyers from the sale showings requested the building financials and HOA information. We provided everything requested, and the agent mentioned they are currently reviewing the details with their client.

The rental showing shared that their clients did not feel the unit was the right fit and mentioned there was a “smell” throughout the unit.

The other two buyers from the sale showings are still exploring their options before making any decisions.",,,N/A,,
6/1/2026 10:40:59,joanna.jimenez@compass.com,1376 SW 4th St,3,"Family went twice to see it last week and stated "" the house is well distributed some of the bedrooms are small. What didnt work for the clients is the housing conditions surrouding the building. They also felt the price a bit high up for a up-coming neighborhood""; the tother stated "" she liked another area better""",,,0,,
6/1/2026 10:41:21,anna.jimenez@compass.com,133 NE 2   1208,0,"CONVERSATIONS: 3  
FEEDBACK: 2 WERE END USERS, TO LIVE IN UNIT- 1 PERSON IS FROM OUT OF TOWN RELOCATING CAN NOT WAIT UNTIL 2027, THE OTHER I AM IN CLOSE COMMUNICATION WITH THE AGENT (I HAVE GIVEN HER ROI & IDEAS SO SHE CAN SHARE WITH HER CLIENT, SINCE HE TRAVELS TO AND FROM MIAMI)
1 FOR INVESTMENT HE'S IN EARLY STAGE OF SETTING UP A CORPORATION/ACCOUNTING IN ORDER TO OBTAIN A TRADITIONAL LOAN (IM NOT TOO CONFIDENT BECAUSE THE STORES CHANGE)
","THIS IS A MARKET THAT HAS  742 ACTIVE CONDO FOR SALE OF WHICH 292 ARE 1 BEDROOMS, AVERAGING 153 DAYS ON MARKET. INSIDE THE LOFT II HERE ARE 15 1&2 BEDROOMS ACTIVE, BUT COMPETING WITH 292 OTHER ACTIVES IN THE AREA. THIS IS A SLOW AND STEADY PROCESS WE ARE IN.                                                                                         
",,"Daniel please check this number 125,399  is not the same i sent last time  check your email i sent snap shots  for you to include in the body of the email (not an attachment) 1",,
6/1/2026 10:41:45,joanna.jimenez@compass.com,1945 S Ocean Dr #M2,2,"1 On Monday 5/25. Hello Connor, my client said it’s to small for them , they Loking for 3bed in Ocean Marine. 2nd showing submitted the offer for herself.",,,0,,
6/1/2026 10:42:05,joanna.jimenez@compass.com,244 biscayne #3702,0,,,,1000,,
6/1/2026 10:42:24,joanna.jimenez@compass.com,763 PENNSYLVANIA AVE UNIT: 116,0,Open House Held Wednesday and didnt have anyone show up,,,20,,
6/1/2026 10:42:43,joanna.jimenez@compass.com,6061 Collins Ave 5F,2,1) Wednesday AM - saw 16 condos all oceanfront with several under construction and picked two others at better prices and conditions Wed PM- My clients decided it’s not a good fit as the property needs some updates and on top of that taking over an assessment is not something they are willing to do at that sales price. Best of luck and thank you!,,,100,,
6/1/2026 10:42:59,joanna.jimenez@compass.com,7334 Harding Unit 106,2,Received an offer from one of the showings,,,0,,
6/1/2026 10:43:12,joanna.jimenez@compass.com,8000 Harding Ave #2B,2,"Received an offer from one of the showings.  The other stated: My client likes the unit, but we found other in a higher level",,,0,,
6/1/2026 10:50:59,danica.noynay@compass.com,8351 NW 7th Ct Plantation,0,Received one showing request but they did not show up.,,,NA,,
6/1/2026 15:02:37,lilibeth.basagoitia@compass.com,1900 Sunset Harbor our Dr. #703,2,"1st Showing: Decided not to move forward because the view from the balcony overlooks the garage area, which he did not like.
2nd Showing: No response yet
","I have 2 Confirmed appointments for tonight

Please send property stats AND remember to include both owners (Luisina and Pablo) and CC me in the email. Thank you",,n/a,,
6/1/2026 15:25:52,joanna.jimenez@compass.com,Rise Building #1012,2,1. Really liked the unit comparing with units at Reach; The other client did not like the building. ,,,10,,
6/1/2026 16:08:15,joanna.jimenez@compass.com,17301 Biscayne Blvd #1401,1,wasnt crazy about the view of the unit so wants to keep looking,,,0,,
6/8/2026 10:39:49,danica.noynay@compass.com,8351 NW 7th Ct Plantation,1,She likes the property and still wants to see few more before making a decision.,,,NA,,
6/8/2026 12:29:14,natalia.figueroa@compass.com,3401 N Country Club #307,1,No feedback yet - they were touring several units,n/a,,?,,
6/8/2026 12:48:14,connor.weiss@compass.com,1376 SW 4th St,3,"3 private showings last week. A few people mentioned they did not like the neighborhood. One person mentioned that they felt that the bedrooms were too small for their family, and the didn't like the overall vertical layout of home. People generally like the finishes. One party liked it but wants to see more options. ",,,N/A,,
6/8/2026 12:58:56,connor.weiss@compass.com,Rise Building #1012,2,2 Private showings last week. General feedback is positive and the unit shows well. One person did mention it felt a bit dark. ,,,N/A,,
6/8/2026 13:00:15,connor.weiss@compass.com,244 biscayne #3702,0,No Showings last week. Will put unit for rent this week.,,,N/A,,
6/8/2026 13:01:12,connor.weiss@compass.com,763 PENNSYLVANIA AVE UNIT: 116,1,"1 Private showing last week. The buyers decided they want an official one bedroom unit, opposed to a studio. We have two showings this Thursday.",,,N/A,,
6/8/2026 13:14:58,connor.weiss@compass.com,6061 Collins Ave 5F,0,No Showings last week,,,N/A,,
6/8/2026 13:16:17,connor.weiss@compass.com,8000 Harding Ave #2B,5,5 Private showings last week. 4 rental showings and 1 showing for sale. One offer received as well. ,,,N/A,,
6/8/2026 13:18:13,connor.weiss@compass.com,17301 Biscayne Blvd #1401,0,"1 showing last week cancelled last minute, working to reschedule with them now. ",,,N/A,,
6/8/2026 13:19:46,connor.weiss@compass.com,7334 Harding Unit 106,2,2 private showings last week for sale. One offer received and accepted. ,,,N/A,,
6/8/2026 13:22:56,connor.weiss@compass.com,1568 Pennsylvania Ave #328,1,1 private showing last week on Friday. Client is a primary user/ been looking at a lot of options / requested and reviewing condo docs now. ,,,N/A,,
6/8/2026 13:24:35,connor.weiss@compass.com,17301 Biscayne Blvd #1401,1,The Buyer said that she liked the view from the other lines better. She also thinks the property needs a little bit TLC specially when she saw the grout by the kitchen sink and small scratches on the walls.,,,N/A,,
6/8/2026 13:27:56,connor.weiss@compass.com,8405 SW 144th ST,9,"An open house was held on May 23rd and was attended by six prospective buyers. In addition, the property had three private showings last week.

Overall feedback has been very positive. Visitors consistently complimented the home's high-end finishes, interior design, and functional layout. Buyers were particularly impressed with the flow of the home and the quality of the renovations.

Constructive feedback included one buyer expressing concern that the terrace overhang could be a potential liability during a storm. Another buyer mentioned a preference for a circular driveway so they can pull in and out easily. 
",,,N/A,,
6/8/2026 15:35:54,lilibeth.basagoitia@compass.com,"1900 Sunset Harbour #703 Miami Beach, FL",2,"1st Showing:
The buyer liked the unit and felt it showed well. However, after seeing other properties in their price range, they felt it was smaller than what they are looking for and decided not to move forward.

2nd Showing:
The buyers, a young couple, liked the unit and are still considering it. However, they are looking for something they can move into sooner and are not interested in waiting for the tenant's lease to end. For now, they have decided to continue their search.","Please send stats and include BOTH owners (Luisina, Pablo) and CC ME in the email. Thankk you!",,n/a,,
6/15/2026 10:09:58,danica.noynay@compass.com,8351 NW 7th Ct Plantation,2,They cancelled while on their way to the property.,,,NA,,
6/15/2026 10:50:42,connor.weiss@compass.com,Rise Building #1012,1,We had one private showing last week. We have followed up multiple times with the showing agent for more detailed feedback but have not received a response at this time.,,,N/A,,
6/15/2026 10:51:53,connor.weiss@compass.com,244 biscayne #3702,4,"We had four private showings last week: one prospective buyer and three prospective renters.

The rental showings were generally positive. One prospective tenant expressed concerns regarding the ongoing construction work in the building, as well as the temporary closure of the pools and balconies. Another prospective tenant is already a resident in the building and is interested in upgrading to a larger unit.

The buyer also responded favorably to the property, particularly appreciating the floor plan and views. However, they would like to explore additional options before making a decision.",,,N/A,,
6/15/2026 10:53:21,connor.weiss@compass.com,763 PENNSYLVANIA AVE UNIT: 116,4,"We had four private showings last Thursday. A couple prospective buyers expressed interest in the property, and one buyer submitted an offer.

One buyer commented that they felt the unit would benefit from the addition of a sink. Another buyer was less enthusiastic about the building itself and expressed concerns regarding the pending building work and its potential impact on future rental bookings.",,,N/A,,
6/15/2026 10:53:44,connor.weiss@compass.com,6061 Collins Ave 5F,0,,,,N/A,,
6/15/2026 10:59:56,connor.weiss@compass.com,8000 Harding Ave #2B,1,"We had one private showing for sale last week. This was the buyer's second visit to the property, as they wanted to tour the unit again now that the tenants have moved out.

The buyers responded positively to the property and subsequently submitted an offer. We presented a counteroffer and are currently awaiting their response.",,,N/A,,
6/15/2026 11:00:38,connor.weiss@compass.com,17301 Biscayne Blvd #1401,0,No showings last week. We have one scheduled for tomorrow 6/16. ,,,N/A,,
6/15/2026 11:01:18,connor.weiss@compass.com,7334 Harding Unit 106,0,No Showings last week. One scheduled for tomorrow. ,,,N/A,,
6/15/2026 11:01:58,connor.weiss@compass.com,1568 Pennsylvania Ave #328,1,We had one private showing on Saturday. The buyer responded favorably to the property and subsequently submitted an offer.,,,N/A,,
6/15/2026 11:02:53,connor.weiss@compass.com,West Eleventh,0,No calls or conversations last week. ,,,N/A,,
6/15/2026 11:20:11,connor.weiss@compass.com,"8405 SW 144th St, Palmetto Bay",2,"2 Private Showing last week. We will be reducing the price to $1,399,000 tomorrow. In advance of the price adjustment, we will be pre-marketing the property today through targeted email and text campaigns. Additionally, we will be hosting an open house this weekend to generate further exposure and buyer interest.",,,N/A,,
6/15/2026 15:12:01,lilibeth.basagoitia@compass.com,1919 Sunset Drive,0,n/a,"Please send stats, include both owners and CC me in the email. Thank you",,-,,
6/21/2026 22:32:48,anna.jimenez@compass.com,133 ne 2    Ave    Unit  1208,0,,Did you send any emails last week ?,,I do not have new numbers ,,
6/22/2026 10:24:51,danica.noynay@compass.com,8351 NW 7th Ct Plantation,No showing request. ,NA,,,NA,,
6/22/2026 10:39:56,connor.weiss@compass.com,6061 Collins Ave 5F,0,,,,n/a,,
6/22/2026 10:41:32,connor.weiss@compass.com,244 biscayne #3702,0,,,,n/a,,
6/22/2026 10:41:54,connor.weiss@compass.com,Rise Building #1012,0,,,,n/a,,
6/22/2026 10:42:18,connor.weiss@compass.com,8000 Harding Ave #2B,1,1 showing last week for sale. Buyer loved it and submitted strong cash offer. ,,,n/a,,
6/22/2026 10:43:03,connor.weiss@compass.com,17301 Biscayne Blvd #14011,1,"Argentinian family looking to relocate to the United States. They were impressed by the views from the unit and specifically inquired about other available units in the building with bay-facing views, particularly those located on the opposite corner of the building.",,,n/a,,
6/22/2026 10:43:23,connor.weiss@compass.com,1376 SW 4th St,0,,,,n/a,,
6/22/2026 10:44:00,connor.weiss@compass.com,8320 SW 66 ST,1,1 private showing last week. Several inquires were made last week as well. ,,,n/a,,
6/22/2026 10:48:59,connor.weiss@compass.com,540 NE 74th ST,2,"Two private showings last week. 1)Investor buyer who is currently evaluating several opportunities. Overall, they responded positively to the property and liked what it had to offer.
2)End-user buyer who absolutely loved the property. She was particularly drawn to the layout and mentioned that, if purchased, she would likely open up the main house to connect it with the rear unit. She already owns a home in the neighborhood and is very familiar with the area. While she felt the asking price was somewhat high, she wanted to discuss it further with her family before determining her next steps.",,,2700,,
6/22/2026 10:50:14,connor.weiss@compass.com,West Eleventh,n/a,No calls last week.,,,n/a,,
6/22/2026 10:54:30,adriana.briceno@compass.com,"2000 Island Blvd, Unit 2409 Aventura, FL 33160",1,"One showing scheduled for this week, had to be rescheduled due to potential buyer missing their flight. ",Previous buyer interested in making an offer is still interested but undergoing medical treatment. They want to wait until after the summer to resume the purchase.,,NA,,
6/22/2026 11:06:25,adriana.briceno@compass.com,"19101 Mystic Pointe Dr, Unit 2301 Aventura, FL 33180",1,"Buyer may also be interested in renting. He currently lives in a five bedroom home, and all his kids are grown so he is looking to downsize and change the space for the view.
He loved the unit and how renovated it is inside. However, he wants to keep looking a few more options in case he can find a better view. He is also in the process of selling his home now so he can buy or rent with those proceeds.",,,N/A,,
6/22/2026 11:37:04,adriana.briceno@compass.com,"6620 Indian Creek Drive, Unit 609",0,N/A,,,N/A,,
6/22/2026 11:46:56,connor.weiss@compass.com,7334 Harding Unit 106,4,4 private showings last week. 2 for rent and 2 for sale. One showing for rent was not interested - It wasn't a match. Another rental showing liked the unit but still is exploring their options. One agent for sale said that her client is an international buyer and it was a virtual showing. She sent him all of the necessary information and he is doing due diligence. Another buyer is moving forward with another option they saw. ,,,n/a,,
6/22/2026 11:52:00,connor.weiss@compass.com,8405 SW 144th ST,7,"We hosted an open house this past weekend that was attended by five prospective buyers. One attendee expressed interest in submitting an offer.

In addition, we conducted two private showings last week and have another private showing scheduled for today, June 22.

To further promote the property following the recent price reduction, we distributed an email campaign and conducted targeted outreach to agents who have previously shown the property or shared it with their clients.",,,n/a,,
6/22/2026 15:39:14,lilibeth.basagoitia@compass.com,"1919 Sunset Drive #703 Miami Beach, FL",1,"The buyers liked the space and location. The garage view wasn't ideal, but it's not a major concern since they plan to use the unit as an office.
They can wait for the tenant to move out, though they'd prefer something available sooner. They're also considering a few options in the South Tower before making a decision.
They were happy to learn that North Tower owners have access to the Yacht Club pool.",please include stats. Send email to both owners (Luisina and Pablo ) and CC me. Thank you!!,,n/a,,
6/22/2026 15:47:42,carlos.rospigliosi@compass.com,"3011 SW 128th Ave, Unit 102 Miramar, FL 33027",15,"They like the property but they are seeing a lot of different options. The competition has been either at the same price, at lesser price or a bit more expensive but more remodeled. ",,,1000+,,
6/29/2026 10:22:31,danica.noynay@compass.com,"8351 NW 7th Ct, Plantation "," We received three showing requests, and one was canceled because they did not show up.","No feedback was received for the Monday showing.

Wednesday Showing: The buyers liked the townhome and are also interested in viewing a few single-family homes. They are currently deciding between a townhome and a single-family home and would like to explore more single-family home options as well.
",,,NA,,
6/29/2026 12:03:19,connor.weiss@compass.com,6061 Collins Ave 5F,0,No Showings last week,,,n/a,,
6/29/2026 12:04:10,connor.weiss@compass.com,244 biscayne #3702,0,no showings last week. Will host open two open houses in coming weeks. ,,,n/a,,
6/29/2026 12:09:46,connor.weiss@compass.com,Rise Building #1012,1,"We had one virtual showing with a buyer who is currently out of the country.
He really liked the unit, and we're actively communicating with him to determine how he'd like to move forward.",,,n/a,,
6/29/2026 12:13:57,connor.weiss@compass.com,17301 Biscayne Blvd #1401,2,"Showing #1

The buyer loved the spacious layout and is already familiar with the building and its amenities, having previously lived there. Her main hesitation was the flooring, as she prefers white porcelain tile.

She is also touring two other units within the building before making a decision.
During the showing, there was significant drilling due to the ongoing building work. I explained that this construction is expected to be completed within approximately one month. She also asked whether the walls would be repainted and if the floors, particularly the stain in the bathroom, would be cleaned. I assured her those items would be addressed.

Showing #2

The buyers were very impressed with the building's amenities.
Ultimately, they decided they would prefer a unit with more expansive water views.",,,n/a,,
6/29/2026 12:15:56,connor.weiss@compass.com,7334 Harding Ave #106,0,"A prospective tenant cancelled their showing at the last minute. We are currently working with them to reschedule.

On the sales side, we have one showing scheduled for Monday and another this Wednesday. Another agent reached out today requesting to schedule a showing later this week.",,,n/a,,
6/29/2026 12:16:57,connor.weiss@compass.com,1376 SW 4th St,1,The prospective renters liked the home but felt the surrounding neighborhood was not the right fit for them.,,,n/a,,
6/29/2026 12:17:43,connor.weiss@compass.com,8320 SW 66th Street,0,"Although there were no in-person showings last week, we had two prospective buyers express interest in the property and are currently following up with both.",,,n/a,,
6/29/2026 12:18:14,connor.weiss@compass.com,540 NE 74th Street,0,No showings last week. ,,,n/a,,
6/29/2026 12:19:45,connor.weiss@compass.com,West Eleventh,0,"I completed another pricing analysis. A comparable unit with a very similar floor plan was recently posted as a Compass Private Exclusive at $650,000. With our asking price of $600,000, we're positioned very competitively in the current market.",,,n/a,,
6/29/2026 12:21:49,connor.weiss@compass.com,8405 SW 144th St,3,"We had three private showings last week. One offer was received. 

Showing #1 (Offer): The buyers submitted an offer. The husband was very interested, but the wife was still undecided about purchasing in Palmetto Bay.
Showing #2: The buyers liked the home but shared that their maximum budget is $1.2 million.
Showing #3: This was the family's second showing, indicating continued interest in the property.",,,n/a,,
6/29/2026 12:23:09,connor.weiss@compass.com,"6952 SW 149th Terrace, Palmetto Bay",0,"We continue to prepare for the property's launch.

Completed an email marketing campaign to our database.
Our ""Coming Soon"" social media campaign will begin this week.
We are targeting a market launch shortly after the July 4th holiday.
A print marketing mailer will be distributed to the surrounding neighborhood next week.",,,DANIEL PLEASE SEND COMPASS INSIGHTS ,,
7/6/2026 12:27:55,connor.weiss@compass.com,8405 SW 144th ST,3,"Last week, we had 3 showings:

Showing #1: The buyer felt the backyard needed significant work.

Showing #2: The agent shared the following feedback:

""They liked it. My buyers just started the process, and this was the fourth home they've seen. It's definitely a contender, but they're not quite ready to make a decision and would like to see a few more properties first. I'll let you know if we have any questions. They may also want to come back for a second showing.""

Showing #3: The buyers responded positively and complimented the quality of the finishes throughout the home. We are currently waiting for more detailed feedback from the showing agent.",,,n/a,,
7/6/2026 12:41:19,connor.weiss@compass.com,244 biscayne #3702,1,1 Showing last week. Client liked it a lot and submitted an offer. ,,,n/a,,
7/6/2026 12:41:48,connor.weiss@compass.com,540 NE 74th ST,0,,,,n/a,,
7/6/2026 12:44:48,connor.weiss@compass.com,7334 Harding Unit 106,4,"4 Showings last week. 3 for sale, 1 for rent. One offer for sale received. Counter offer Submitted.",,,n/a,,
7/6/2026 12:46:11,connor.weiss@compass.com,6061 Collins Ave 5F,1,1 Private showing last week. The decided against the unit because the family really needs a proper 3rd bedroom. ,,,n/a,,
7/6/2026 12:47:04,connor.weiss@compass.com,West Eleventh,0,No calls or conversations last week,,,n/a,,
7/6/2026 12:58:24,connor.weiss@compass.com,17301 Biscayne Blvd #1401,1,"1 private showing last week. The prospective buyer really liked the unit and is familiar with the building. He appreciates the amenities, and the unit's views. At this time, he is reviewing a few other options before making a decision, and we'll continue to follow up with him.",,,n/a,,
7/6/2026 13:15:15,connor.weiss@compass.com,8320 SW 66 ST,0,,,,n/a,,
7/6/2026 13:16:57,connor.weiss@compass.com,Rise Building #1012,2,"2 private showings last week. One of the buyers showed strong interest in the property but has yet to submit an offer. Overall, the feedback continues to be very positive—buyers consistently like the home, which is encouraging. We're continuing to follow up with interested parties. ",,,n/a,,
7/6/2026 14:39:19,lilibeth.basagoitia@compass.com,1900 Sunset Harbour ,1,Pending,Please send stats. Include both owners (Luisina and Pablo) and CC me in the email . Thank you!,,-,,
7/13/2026 10:12:39,danica.noynay@compass.com,8351 NW 7th Ct Plantation,0 showing,NA,NA,,NA,,
7/13/2026 10:40:28,adriana.briceno@compass.com,2000 Island Blvd 2409,3,"Showing #1- Previous buyers who say they are still getting quotes to renovate property. This is their 3rd time seeing the condo.
Showing #2- Sent offer that we have countered for $1.2M
Showing #3- Loved that the 3rd bedroom was enclosed already, compared to unit 1109 in the market which has the 3rd bedroom open to the living room. Not familiar with William's Island, I took them to see all the amenities. Looking at other options before making a decision.",We have another showing confirmed for Wednsday at 4:30pm,,N/a,,
7/13/2026 10:44:21,adriana.briceno@compass.com,19195 NE 36th Ct,2,"1- Showing done via facetime, clients are not in town and not ready to pull the trigger on the rental without seeing it. 
2- Showing done Sunday at 1:15pm for rental. Couple planning on getting married and moving out of their current rental which ends August 31st. They loved the unit for being so renovated and having the best view. They have some time before they make their decision.","Once tenant leaves, July 31st, we will create a 3D matterport tour with the property vacant and a new video for social media searches",,"New instagram video has 11,800 views. Promoting for rent and sell",,
7/13/2026 13:05:46,connor.weiss@compass.com,244 Biscayne Blvd #3702,2,Two showings last week—one prospective buyer and one prospective tenant. The rental listing has since been cancelled as planned. Buyer seemed interested. Pending more detailed feedback from agent regarding how they want to move forward. ,,,n/a,,
7/13/2026 13:06:11,connor.weiss@compass.com,Rise Building #1012,2,Two private showings last week resulted in one accepted offer. The property is now officially under contract.,,,n/a,,
7/13/2026 13:07:13,connor.weiss@compass.com,6061 Collins Ave #5F,1,"The buyer felt the unit does not function as a true two-bedroom but believes it has strong renovation potential. They have requested the official renovation renderings from the engineer, specifically for the lobby and hallways, to better understand the building's planned improvements upon completion. Management sent them to us this morning so we will forward to them for their review. ",,,n/a,,
7/13/2026 13:08:06,connor.weiss@compass.com,8320 SW 66th St,1,"We had one private showing last week, along with two additional inquiries from interested parties. We also received one offer. Before responding, we would like the buyers to tour the property in person and are awaiting proof of funds before considering a counteroffer.",,,n/a,,
7/13/2026 13:09:05,connor.weiss@compass.com,17301 Biscayne Blvd #1401,2,"We had two private showings last week. One buyer is comparing several units within Marina Palms and expressed concerns about the ongoing building improvements given the building's age. However, they loved the views and requested additional information regarding the scope of the renovation work. The second showing was with a mother/daughter team (mother is the Realtor, daughter is the buyer). They loved the layout and especially liked the den but felt the balcony appeared larger in the online photos. They have toured several units in the building and are continuing to compare options. We are sending a reverse offer today to continue negotiations with Agent Marcio. ",,,n/a,,
7/13/2026 13:09:29,connor.weiss@compass.com,7334 Harding Ave #106,0,The release and cancellation paperwork was sent today. The property will be returning to the market this week and will be available both for sale and for rent.,,,n/a,,
7/13/2026 13:12:41,connor.weiss@compass.com,540 NE 74th St,0,"While there were no private showings last week, we continued to actively market the property. We featured the listing in two off-market agent groups—one within our Compass brokerage and another shared with agents outside of Compass. This generated several inquiries and interest from other agents. As a next step, we will also be sending a targeted email campaign to our buyer and agent database to create another touchpoint and further showcase the property to qualified prospects.",,,(DANIEL JOANNA ASKED IF YOU CAN PLEASE PROVIDE THE INSIGHTS FOR THE LAST TWO WEEKS OF OPEN RATES FOR OUR WEEKLY NEWSLETTER BECAUSE WE SHOWCASED THE PROPERTY THERE),,
7/13/2026 13:14:04,connor.weiss@compass.com,West Eleventh,n/a,"No new calls, inquiries, or conversations regarding the property last week.",,,n/a,,
7/13/2026 13:41:50,connor.weiss@compass.com,8405 SW 144th St,7,"We had 5 groups attend the Open House this past Saturday, along with 2 private showings during the week. We also received one cash offer. Overall, buyer feedback has been very positive, with many complimenting the quality of the finishes throughout the home. Some buyers noted that the primary bedroom felt a bit warm and narrower than expected, while one buyer mentioned the space between the kitchen island and stove felt slightly tight.",,,n/a,,
7/13/2026 13:42:39,connor.weiss@compass.com,"6952 SW 149th Ter, Palmetto Bay",7,"We welcomed 5 groups to the Open House on Sunday and hosted 2 private showings during the week. We also received a verbal offer of $1.4 million. Feedback has been positive overall, with buyers consistently impressed by the spaciousness of the guest house. Many also appreciate the low electric bills made possible by the solar panels and the convenience of the garage. Some buyers commented that the primary bedroom felt smaller than expected, one mentioned they did not love that the front entry opens directly toward a wall, and another felt portions of the yard were less usable due to the mature trees and uneven ground along one side of the property.",,,n/a,,
7/13/2026 13:43:29,connor.weiss@compass.com,5800 SW 61st St,6,"We had 4 private showings last week, with 2 additional showings scheduled for today 7/13. One prospective tenant did not feel the layout was the right fit. Another prospect is interested in a 6-month lease; the mother toured the home on their behalf, liked the property, and plans to return with her daughter for a second showing. One visitor who has severe allergies commented that they believed the home may have mold or mildew.",,,n/a,,
7/13/2026 13:44:44,connor.weiss@compass.com,8853 SW 108th Ave,2,"We hosted 2 private showings last week and received 8 additional inquiries. We are holding off on scheduling more appointments until the recommended repairs and improvements are completed so the home presents at its best. For the agents that went, one of them said it wasn't a fit for their family. The other showing liked it but is seeing more options before making a decision.",,,n/a,,
7/20/2026 11:23:12,connor.weiss@compass.com,244 Biscayne Blvd #3702,1,"One private showing last week. The buyer is still considering the property and may request a second showing. They are looking for a long-term primary residence and want to be confident before moving forward. If they decide to submit an offer, they indicated it would be based on comparable sales and structured to support the appraisal.",,,n/a,,
7/20/2026 11:25:05,connor.weiss@compass.com,540 NE 74th St,1,"The buyers thought the property was very charming. However, since they are looking for a primary residence, they felt combining the units and potentially removing the detached structure to accommodate a pool would involve more work than they are looking to take on.",,,"2,896",,
7/20/2026 11:46:09,connor.weiss@compass.com,8233 Harding Ave #208,1,One showing scheduled for Sunday was canceled at the last minute. We are actively working with the prospective tenant to reschedule. We also received five rental inquiries over the past week.,,,n/a,,
7/20/2026 11:47:01,connor.weiss@compass.com,1376 SW 4th St,3,Three showings last week. The common feedback was that prospective tenants were not comfortable with the surrounding neighborhood.,,,n/a,,
7/20/2026 11:47:52,connor.weiss@compass.com,6061 Collins #5F,1,Client says it’s not a fit for him because he considers that the building needs at least 2 years to finish. He says he works in the industry and he doesn’t believe it will be done by next summer. ,,,n/a,,
7/20/2026 11:59:47,danica.noynay@compass.com,8351 NW 7th Ct Plantation,1,They like the property and they  have a second showing this week. ,,,NA,,
7/20/2026 12:17:44,connor.weiss@compass.com,17301 Biscayne Blvd #1401,1,1 showing last week. We received one written offer and one verbal offer. We are currently awaiting the buyers' responses to determine whether they are willing to improve their offers. ,,,n/a,,
7/20/2026 12:18:58,connor.weiss@compass.com,7334 Harding Ave Unit 106,0,Showings were temporarily paused due to termite tenting. The property is going live again today for both sale and rent.,,,n/a,,
7/20/2026 12:20:14,connor.weiss@compass.com,8320 SW 66th St,2,"Two showings last week. One buyer submitted an offer after viewing the property. Additionally, the buyer who submitted the initial offer two weeks ago returned for a second in-person showing.",,,n/a,,
7/20/2026 12:28:01,connor.weiss@compass.com,7441 Wayne Ave #8G,1,1 Private Showing last week on Sunday. Showing went well overall but buyer wants to see more options before making a decision. ,,,n/a,,
7/20/2026 12:31:29,connor.weiss@compass.com,8405 SW 144th St,1,"The property is under contract, and a backup offer has also been executed. Despite being under contract, we conducted four private showings last week to continue building interest in the event the current contract does not close.",,,n/a,,
7/20/2026 12:32:38,connor.weiss@compass.com,"6952 SW 149th Ter, Palmetto Bay",4,"We hosted a Broker Open/Open House on Wednesday with four parties in attendance, including 2 brokers. Two parties expressed interest. One prospective buyer currently lives in the Sunset area, works downtown, and mentioned this is the furthest south he would consider living. He is a young cash buyer interested in purchasing with friends. Another broker is assisting several families relocating from out of state and was previewing inventory in the area. Overall, visitors liked the separate in-law suite and the location. A few buyers commented that they felt the home would require some updating to fit their preferences.",,,n/a,,
7/20/2026 12:33:31,connor.weiss@compass.com,5800 SW 61st St,2,"Two showings last week. One family was looking for a six-month rental while renovating their home. Although they liked the property, they ultimately decided the neighborhood was not the right fit for their needs. The other showing submitted an offer.",,,n/a,,
7/20/2026 12:34:08,connor.weiss@compass.com,8853 SW 108th Ave,2,"Two showings last week, along with 14 inquiries from interested renters. We are limiting showings while the remaining work is completed, including the installation of the new appliances.",,,n/a,,
7/20/2026 12:35:40,connor.weiss@compass.com,19380 Collins Ave #608,0,"No in-person showings last week. A new social media video was created and posted, and targeted social media advertising campaigns were launched to increase the property's online exposure and generate additional interest.",,,1792,,
7/27/2026 9:56:10,natalia.figueroa@compass.com,18041 Biscayne Blvd #1201,0,We had one reach out but we need to reschedule it,,,N/A,,
7/27/2026 10:00:36,natalia.figueroa@compass.com,"3401 N Country Club Dr, Unit 307",1,None,,,n/a,,
7/27/2026 11:19:24,danica.noynay@compass.com,"8351 NW 7th Ct, Plantation ",2,They like the property.,,,NA,,
7/27/2026 12:00:44,connor.weiss@compass.com,"6952 SW 149th Ter, Palmetto Bay, FL 33158",1,"The buyers liked the home overall and are interested, but they would like to tour a few more properties before making a final decision. They also inquired about the seller's flexibility on price and mentioned they feel the home could benefit from a few cosmetic updates.

Would you like us to host an Open House this weekend to generate additional buyer traffic and increase exposure while these buyers continue their search?",,,N/A,,
7/27/2026 12:12:55,connor.weiss@compass.com,8233 Harding Ave #208,4,"Showing #1
The prospective tenant decided not to move forward because the unit is located directly on Harding Avenue. The client is a light sleeper and has a dog that would likely bark at passing traffic, making the location less suitable for their needs.

Showing #2
The prospective tenant was looking for a budget-friendly property in a secure neighborhood but ultimately felt the building's overall condition did not meet their expectations. Although they understood the building is currently undergoing restoration, they felt it appeared dated and preferred a property in better overall condition.

Showing #3
The showing agent advised that the client is continuing to tour additional properties before making a decision and shared, ""If the client would like to see more options, I'll let you know as soon as I have an update.""

Showing #4
The showing agent indicated that if their client decides to submit an offer, it would likely be below the asking price. The client also expressed concerns about the home's air conditioning performance and insulation, noting they were unsure how well the unit would stay cool and energy efficient.

Overall, the feedback suggests that while buyers appreciate the value of the unit, their concerns have primarily centered around the building's condition, street noise, and comfort-related features rather than the interior layout itself.",,,n/a,,
7/27/2026 12:14:57,connor.weiss@compass.com,540 NE 74th ST,0,One private showing was scheduled for last Wednesday but was canceled at the last minute due to a change in the buyer's schedule. We are actively coordinating with the showing agent to reschedule the appointment and remain optimistic about getting the buyer back through the property soon.,,,n/a,,
7/27/2026 12:15:18,connor.weiss@compass.com,6061 Collins Ave 5F,0,,,,n/a,,
7/27/2026 12:15:34,connor.weiss@compass.com,17301 Biscayne Blvd #1401,0,,,,n/a,,
7/27/2026 13:57:58,connor.weiss@compass.com,1376 SW 4th St,2,"We had two private showings this week.
Showing #1: The prospective renter decided not to move forward because they did not feel the surrounding area was the right fit for their needs.

Showing #2: The prospective renter liked the property and expressed interest. They requested a floor plan to better understand the layout before making a decision. ",,,n/a,,
7/27/2026 14:26:17,connor.weiss@compass.com,7441 Wayne Ave #8G,2,"We had two private showings this week.

Showing #1: The prospective renter decided the unit was not the right fit for their needs and ultimately chose to focus their search on properties in South Beach.
Showing #2: The showing went well overall. The prospective renter felt the unit could benefit from a few updates and expressed some concern about the ongoing construction in the building, particularly the anticipated timeline for completion. They are continuing to tour other properties before making a final decision.",,,n/a,,
7/27/2026 14:32:25,connor.weiss@compass.com,7334 Harding Unit 106,1,"We had one private showing last week. The buyer is continuing to tour additional properties before making a final decision. While they appreciated the opportunity to view the unit, they felt it would require significant updates and renovations, which influenced their decision to continue their search.",,,n/a,,
7/27/2026 14:43:24,connor.weiss@compass.com,244 biscayne #3702,1,"We had one private showing last week. The buyer liked the unit overall and had a positive impression of the property. However, they would like to continue touring other available units before deciding whether to submit an offer.",,,n/a,,
8/3/2026 11:22:20,danica.noynay@compass.com,8351 NW 7th Ct Plantation,0,0,,,NA,,
8/3/2026 11:22:44,danica.noynay@compass.com,3821 NW 90th Ave Unit# 3821 Sunrise,1,No response from the agent.,,,NA,,
8/3/2026 12:46:57,connor.weiss@compass.com,540 NE 74th St,1,One private showing this past Sunday. The buyers are looking for a primary residence. They thought the home was very unique and liked it overall. The buyer's agent shared that her clients are currently considering another property and are putting their efforts towards that option for now. ,,,n/a,,
8/3/2026 12:47:33,connor.weiss@compass.com,8233 Harding Ave. #208,3,"Three private showings last week. We received one lease offer. We also have four additional showings scheduled for today (Monday, August 3) and will wait until the end of the day before moving forward with lease paperwork.",,,n/a,,
8/3/2026 12:48:31,connor.weiss@compass.com,6061 Collins Ave. #5F,1,"The buyers are a family of four searching for a vacation home in Miami. They recognize the unit's long-term potential and believe its value will increase significantly once the building improvements are completed. However, the wife felt the unit still needs updating and was less enthusiastic overall.",,,n/a,,
8/3/2026 12:49:34,connor.weiss@compass.com,17301 Biscayne Blvd. #1401,1,"The buyers loved the floor plan and were very impressed with the view. They have five additional units scheduled to tour within the building before making a decision. 

We received a call from an agent with a buyer over the weekend who is very interested in this unit. Arranging a showing for tomorrow or Wednesday of this week. ",,,n/a,,
8/3/2026 12:49:48,connor.weiss@compass.com,1376 SW 4th St,0,,,,n/a,,
8/3/2026 12:50:07,connor.weiss@compass.com,7441 Wayne Ave. #8G,0,,,,N/A,,
8/3/2026 12:50:24,connor.weiss@compass.com,7334 Harding Ave. #106,0,,,,n/a,,
8/3/2026 12:51:51,connor.weiss@compass.com,244 Biscayne Blvd. #3702,1,One private showing last Monday. Pending more detailed feedback from buyer's agent. We will notify all of the agents who have seen the property of price reduction and re-list the unit this week. ,,,n/a,,
8/3/2026 12:52:43,connor.weiss@compass.com,West Eleventh,0,,,,n/a,,
8/3/2026 12:58:10,anna.jimenez@compass.com,133 ne 2 ave unit 1208,1 livestream OH,"Liked the spacious floorplan and look, didn't like the tub too high, also wanting a larger balcony, will be living in the unit. ","Have received other calls to inquire about HOA dues, building financials, and tenancy period.",,"IS sending on whatsapp  that is to date 125,550",,
8/3/2026 13:04:52,connor.weiss@compass.com,"8853 SW 108th Pl, Miami",5,"5 private showings last week. Overall, the feedback has been positive with multiple interested parties.

- One agent shared that their client liked the home but ultimately felt it was too far from their workplace.
- Another agent said their client also liked the property but would like to tour a few more homes before making a decision.
- Additionally, one agent advised that they are preparing an offer and are currently waiting on a few documents from their client before submitting it.",,,n/a,,
8/3/2026 13:07:01,connor.weiss@compass.com,19380 Collins Ave #608,0,"Price reduction has been submitted. There were no private showings last week. To increase exposure, we launched a boosted social media advertising campaign to generate additional visibility and attract renters. ",,,"2,500",,
8/3/2026 13:16:40,connor.weiss@compass.com,"6952 SW 149th Ter, Palmetto Bay, FL 33158",1,1 Private showing last week. Reached out to Buyer's Agent and pending more detailed feedback. ,,,n/a,,
8/10/2026 10:47:31,connor.weiss@compass.com,7516 Mutiny Ave,3,The listing generated three private showings during its first week on the market. The first prospective tenant loved the unit and submitted an offer. The other two provided positive feedback and are viewing additional options before making a decision. Construction next door was a recurring concern among several prospects.,,,600,,
8/10/2026 10:48:10,connor.weiss@compass.com,540 NE 74th St,1,The clients were investors interested in renting all three units. Their primary focus was the property’s potential NOI and cash flow. We provided the relevant figures for their due diligence and sent the requested video. We are awaiting confirmation on whether they would like to return for a second showing of the two rear units. They liked the home’s design and layout and felt it was a very attractive property.,,,4000,,
8/10/2026 10:49:08,connor.weiss@compass.com,"6061 Collins Ave, Unit 5F",1,"The buyers were not concerned about the building renovations; however, they felt the unit itself would require significant updating. They also wanted confirmation that the hallways are included in the building’s renovation plans. Property presentation note: The unit felt warm because the air conditioning was off, and there was a noticeable food odor, which made the initial impression less welcoming.",,,n/a,,
8/10/2026 10:49:37,connor.weiss@compass.com,"17301 Biscayne Blvd, Unit 1401",1,"The buyers are familiar with the building and have viewed other units. They especially liked that this is the building’s largest floor plan; however, they were concerned about the view overlooking the garage. The buyer is also interested in obtaining a boat slip.",,,n/a,,
8/10/2026 10:50:00,connor.weiss@compass.com,1376 SW 4th St,0,,,,n/a,,
8/10/2026 10:50:18,connor.weiss@compass.com,"7441 Wayne Ave, Unit 8G",0,,,,n/a,,
8/10/2026 10:50:34,connor.weiss@compass.com,"244 Biscayne Blvd, Unit 3702",0,,,,n/a,,
8/10/2026 10:50:48,connor.weiss@compass.com,"7334 Harding Ave, Unit 106",0,,,,n/a,,
8/10/2026 10:51:01,connor.weiss@compass.com,West Eleventh,0,,,,n/a,,
8/10/2026 11:05:53,danica.noynay@compass.com,"8351 NW 7th Ct, 33324",0,0,,,NA,,
8/10/2026 11:06:25,danica.noynay@compass.com,3821 NW 90th Ave Unit# 3821 Sunrise,1,They like the unit however they want more enclosed backyard because they have a pet. ,,,NA,,
8/17/2026 11:51:31,danica.noynay@compass.com,"8351 NW 7th Ct, 33324",0,NA,,,NA,,
8/17/2026 11:51:59,danica.noynay@compass.com,"3821 NW 90th Ave, Unit 3821",0,0,,,0,,
8/17/2026 13:21:10,connor.weiss@compass.com,7516 Mutiny Ave,6,"Tuesday: The prospective tenant is planning to move from Downtown with her husband. They liked the property but would like to see additional options before deciding. She indicated that they are still considering the property, reviewing their budget, and expect to follow up this week.

Wednesday: Two private showings were held. The first prospect liked the property very much but does not need to move until late October or early November. The second was a young family relocating from El Portal because of structural concerns at their current residence. They liked the property, but the construction next door was a concern because they have a nine-month-old child.

Friday: We are awaiting more detailed feedback from the prospective tenant’s agent.

Saturday Open House: Two groups attended, and both responded positively to the property, particularly the lot. The first group determined that the home would not suit their family because neither shower has a bathtub. The second group was interested but concerned about construction at the neighboring property. They plan to discuss the home with their agent, who will contact us if they decide to move forward.",,,500+,,
8/17/2026 13:22:04,connor.weiss@compass.com,540 NE 74th St,0,"There were no showings last week; however, two private showings are scheduled for the afternoon of Monday, August 17.",,,7000+,,
8/17/2026 13:23:42,connor.weiss@compass.com,"6061 Collins Ave, Unit 5F",4,"First Showing -The buyers felt the unit’s interior was generally in good condition. They would like to replace the flooring and requested a floor plan to review with their contractor. They loved the view and the spacious primary bedroom. However, the wife was disappointed that she could not view the gym and pool amenities.

Second Showing -The buyers are looking for a full-time residence. The wife would like to renovate the kitchen and bathroom and requested a floor plan to review with their contractors.

Third Showing- The husband did not like the appearance of the lobby or garage and decided that the building was not the right fit.

Fourth Showing - The buyer is an investor who already owns a unit in the building. He felt the property was overpriced given the renovations he believes are needed. He is comparing it with a newly listed unit on the 23rd floor, which also has a strong view and is listed at $660,000.",,,n/a,,
8/17/2026 13:25:30,connor.weiss@compass.com,"17301 Biscayne Blvd, Unit 1401",0,There were no showings last week. We are following up with all recent prospects to encourage renewed interest and potential offers.,,,n/a,,
8/17/2026 13:26:57,connor.weiss@compass.com,1376 SW 4th St,2,"The property had two showings last week. One group liked the home and mentioned they're interested in making an offer. However, they have not sent additional documentation in or completed the background application we have sent them. We have continued to follow up.  The second group has not responded to our request for feedback.",,,n/a,,
8/17/2026 13:27:15,connor.weiss@compass.com,"244 Biscayne Blvd, Unit 3702",0,,,,n/a,,
8/17/2026 13:27:42,connor.weiss@compass.com,"300 74th St, Miami Beach",3,The property had three private showings last week and received two offers.,,,n/a,,
8/17/2026 13:28:02,connor.weiss@compass.com,West Eleventh,0,,,,n/a,,
8/17/2026 13:31:29,connor.weiss@compass.com,19380 Collins Ave #608,1,"A couple relocating from the Philadelphia area toured the property and liked both the unit and the building. They are currently deciding whether they need a two-bedroom or if the one-bedroom will meet their needs. Their anticipated move isn't until November, so they are still in the early stages of their search.",,,n/a,,
8/17/2026 13:32:13,connor.weiss@compass.com,8853 SW 108th Ave,9,"The property had 9 private showings last week. We have received one offer, with another on the way. Additional feedback included: ""My clients decided to pursue another property,"" ""The clients did not like the home's finishes, particularly the flooring throughout,"" and ""My clients liked the home overall but ultimately decided they wanted to be farther north.""",,,n/a,,
8/17/2026 13:32:54,connor.weiss@compass.com,"6952 SW 149th Ter, Palmetto Bay, FL 33158",1,"The buyer felt the home had great potential but would require a complete interior renovation. If they decide to move forward, their agent indicated they would likely be in the low $1.5M range, which is below the asking price.",,,n/a,,
8/24/2026 9:23:38,bricenoadri@gmail.com,19195 NE 36th Ct ,2,"1- First couple, absolutely loved the floorplan. Thinks master bathroom sinks need to be redone, other than that, the property is immaculate for them. They have a few more showings to get done this week before making up their mid 

2- Family of 3, perfect space for them and they already live in Mystic pointe. The realtor who brought them also lives in Mystic Pointe and has recently sold a few units here, he was very stiff on the price because his past sales have all been under 650k. But waiting to get more feedback from them since they also had a few more to look at",,,"So far 14,200 views ",,
8/24/2026 11:17:34,danica.noynay@compass.com,8351 NW 7th Ct,0,NA,,,NA,,
8/24/2026 11:18:57,danica.noynay@compass.com,3821 NW 90th Ave Unit# 3821 Sunrise,0,NA,,,NA,,
8/24/2026 11:29:04,chelsea.bagley@compass.com,1400 Biscayne Blvd,LiveStream on Saturday the 22nd,"A few friends and family logged in, will keep hosting LiveStreams.","Bringing realtors to the condo this week, so they can advertise as well, hosting a LiveStream on Sunday the 30th",,?,,
8/24/2026 12:31:52,connor.weiss@compass.com,540 NE 74th St,2,2 showings last week. One was a Realtor looking for herself. She said the property was not a fit and didn’t meet her goals at the moment. The other showing went well; she liked the property overall and expressed interest in coming back for a second showing with her husband.,,,n/a,,
8/24/2026 12:32:28,connor.weiss@compass.com,10352 NW 131st St,4,Open House Sunday – 4 parties total. Two attendees currently live in the neighborhood. One was a Realtor who took a video to send to his client in California. Another was an end user who liked the property and is considering converting the garage into additional living space. She plans to speak with her GC and do some due diligence to determine whether the numbers make sense.,,,N/A,,
8/24/2026 12:36:06,connor.weiss@compass.com,17301 Biscayne Blvd #1401,1,"Cash buyer. He loved the interior layout but noted that he would want to renovate the bathrooms. His main concern was the view, as he is looking for a more direct water view.",,,n/a,,
8/24/2026 12:36:33,connor.weiss@compass.com,244 Biscayne Blvd #3702,1,"1 private showing last week. The parents are looking for a property for their daughter, who is completing her master’s program in Miami. They liked the building but are currently considering several other properties and neighborhoods before making a decision. We will follow up this week for additional feedback.",,,n/a,,
8/24/2026 12:38:18,connor.weiss@compass.com,7516 Mutiny Ave,2,2 private showings last week. One showing mentioned that the construction next door is a deterrent for them. Another showing has a oversized car and needs garage so it wasn't a fit. We have two additional showings scheduled for today Monday 8/24,,,N/A,,
8/24/2026 12:38:34,connor.weiss@compass.com,6061 Collins Ave 5F,0,,,,n/a,,
8/24/2026 12:39:10,connor.weiss@compass.com,1376 SW 4th St,0,,,,n/a,,
8/24/2026 12:40:22,connor.weiss@compass.com,"6952 SW 149th Ter, Palmetto Bay, FL 33158",0,"Price Drop: Karina reached out to all agents who previously showed the property to notify them of the new price. An open house is scheduled for this Saturday, supported by an email and social media campaign throughout the week. The entire Opes Group team will also be promoting the open house to maximize exposure.",,,n/a,,
8/24/2026 12:40:39,connor.weiss@compass.com,8220 SW 162nd St,0,,,,n/a,,
8/24/2026 15:05:37,natalia.figueroa@compass.com,3401 N Country Club Dr. #307,7 total showings (since listing was put up in May); 1 showing in the past week,Some feeback from past showings: the buildings is a little older than the tenant wanted. ,,,N/A,,
8/31/2026 10:46:22,natalia.figueroa@compass.com,3401 N Country Club Dr #307,"Not sure the overall total, but 1 last week",,,,N/A,,
8/31/2026 10:47:11,natalia.figueroa@compass.com,1600 SW 1st Ave. #802,0,N/A,If you can send out the intial email with the listing agreement and also the report of any views we got over the weekend since we listed it. ,,N/A,,
8/31/2026 14:14:39,danica.noynay@compass.com,3821 NW 90th Ave Unit# 3821 Sunrise,2,No feedback received.,,,NA,,
8/31/2026 14:15:44,danica.noynay@compass.com,"8351 NW 7th Ct, 33324",0,0,,,NA,,
8/31/2026 15:52:18,connor.weiss@compass.com,"6952 SW 149th Ter, Palmetto Bay, FL 33158",4,"We had 3 buyers come through the open house, and one has already scheduled a second showing today.

The main feedback was that the property could use some updating, many are drawn to the size of the home, the location, and its overall potential.

Separately, from a private showing last week, we received an offer. That buyer is now waiting on a counter before deciding on their next move.",,,n/a,,
8/31/2026 15:53:31,connor.weiss@compass.com,8220 SW 162nd St,0,Karina has a showing at the property today. Several people have reached out to inquire about the home. One has also expressed interest in purchasing the property.,,,n/a,,
8/31/2026 16:36:00,connor.weiss@compass.com,540 NE 74th St,0,No showings last week. Working with one interested party to schedule a showing this week. ,,,N/A,,
8/31/2026 16:36:25,connor.weiss@compass.com,17301 Biscayne Blvd #1401,1,"One showing Sunday with a woman relocating from Boca Raton. She loved the unit, and her agent mentioned she's working on an offer.",,,n/a,,
8/31/2026 16:36:52,connor.weiss@compass.com,10352 NW 131st St ,0,No private showings last week. We're preparing for the Brokers Open this Wednesday.,,,n/a,,
8/31/2026 16:37:16,connor.weiss@compass.com,7516 Mutiny ,2,"One showing with an agent who indicated he'd be submitting an offer, though nothing has been received yet. A second showing was with a woman interested in a 6-month rental; she plans to submit an offer soon.",,,n/a,,
8/31/2026 16:37:36,connor.weiss@compass.com,244 Biscayne #3702,1,"One showing last week with an investor who's considering it but wants to explore other options before deciding. A second showing on Sunday was rescheduled last-minute to tomorrow morning, 9/1.",,,n/a,,
8/31/2026 16:38:07,connor.weiss@compass.com,999 1st Ave #1906,1,One showing last week. The agent said his clients loved it and want to make an offer — we're waiting on documents. Their only hesitation is that they have a dog.,,,n/a,,
8/31/2026 16:38:39,connor.weiss@compass.com,234 Washington #A,2,"The buyer loved the home and is considering an offer; they'd like to see it again tonight, 8/31. We had another showing today, also 8/31, with a single local guy looking for more privacy and wanting to move out of his high-rise — that one went well too.",,,n/a,,
8/31/2026 16:47:09,connor.weiss@compass.com,6061 Collins Ave 5F,1,"Clients loved the 3 balconies and the space. They want to renovate the kitchen and floors. The assessment is high but we explained the details of everything the building is doing. Per their request, we sent the HOA documents for their review and pending more detailed feedback. ",,,N/A,,
9/6/2026 11:34:23,chelsea.bagley@compass.com,1400 Biscayne Blvd #1706,Brought 3 realtors on Thursday for a tour of the property,"The amenities received the strongest feedback overall. For the unit itself, the views and wraparound balcony were the standout selling points and generated the most interest.",,,786 Reel Views 494 post views,,
9/6/2026 11:36:22,chelsea.bagley@compass.com,6900 Bay Dr #6b,1,"Want to present a low offer compared to the other units for sale in building, still waiting to receive the offer",Working with my social media marketing coworker on Google My Business to improve our visibility in AI-powered searches.,,NA,,
9/8/2026 10:20:49,danica.noynay@compass.com,"8351 NW 7th Ct, 33324",0,NA,,,NA,,
9/8/2026 10:21:12,danica.noynay@compass.com,3821 NW 90th Ave Unit# 3821 Sunrise,1,No feedback given.,,,NA,,
9/9/2026 9:59:17,natalia.figueroa@compass.com,1600 SW 1st Ave. #802,0,,"No showings yet
Sent out mulitple emails to agents in the area and prospective buyers in the team's CRM.",,NA,,
9/14/2026 11:13:18,natalia.figueroa@compass.com,"1650 Coral Way, Unit 607",0,No Showings yet,Broker's Open for this Wednesday 9/16 from 12-2pm,,"Mailers, digital ads and emails sent",,
9/14/2026 11:21:48,natalia.figueroa@compass.com,1600 SW 1st Ave. #802,1,They liked the area and the building but wanted a different view and are going to keep looking.,,,N/A,,
9/14/2026 11:45:40,danica.noynay@compass.com,"8351 NW 7th Ct, 33324",0,NA,,,NA,,
9/14/2026 11:46:05,danica.noynay@compass.com,3821 NW 90th Ave Unit# 3821 Sunrise,1,No feedback given.,,,NA,,
9/14/2026 11:58:52,adriana.briceno@compass.com,1028 NE 36th Ct,8,"The majority of the interested buyers are looking to do AirBnB with this property. Found out you cannot legally do airbnb for less than 30 days, which drove a lot of investors off. But it is still an attractive investment if you run the numbers. We have a few buyers looking for themselves as well. One interior designer lady that wants to do renovations, one couple that wants it for themselves and also running numbers to do an extension to the house. Overall, great first week full of showings and many more looking to schedule for this week as well.",,,N.a,,
9/14/2026 13:50:15,connor.weiss@compass.com,8320 SW 66th St,0,No showings last week. Joanna spoke with a neighbor regarding the property.,,,n/a,,
9/14/2026 13:50:29,connor.weiss@compass.com,540 NE 74th St,0,,,,n/a,,
9/14/2026 13:50:45,connor.weiss@compass.com,10352 NW 131st St,0,,,,n/a,,
9/14/2026 13:51:22,connor.weiss@compass.com,244 Biscayne Blvd #3702,2,"Two private showings took place with the same buyers. They are an older couple who currently live in the building’s South Tower, and their adult children also live in the building. They are interested in submitting an offer and advised that their attorney would send something today. However, they would prefer to sell their current unit before purchasing and feel that this unit is overpriced considering the amount of work needed.",,,n/a,,
9/14/2026 13:51:49,connor.weiss@compass.com,6061 Collins Ave #5F,2,Two private showings took place last week. The first client loved the building but felt the unit was overpriced and would require a significant investment to update it to their needs. They will not be submitting an offer at this time but may revisit the property if the seller becomes more motivated. The second client liked the unit and the view but was unsure about the Hilton pool deck’s proximity to the unit and side balcony. She is exploring other buildings and locations. We forwarded all condominium documents for her review.,,,n/a,,
9/14/2026 13:52:16,connor.weiss@compass.com,999 SW 1st Ave #1906,0,"We received one showing request over the weekend. However, the prospective tenant was looking to move by the end of the month, and the current tenant is extending the lease, so the timing did not work.",,,n/a,,
9/14/2026 13:53:47,connor.weiss@compass.com,234 Washington Unit A,3,"Three private showings took place last week. The first was a third showing, this time with the buyer’s wife. They decided not to proceed due to concerns about the odor throughout the home. The second showing went well, but the client is leaning toward a condo and felt the ceilings were low. They would like to see additional properties before making a decision. The third showing was a second visit for that client and was very positive. We are awaiting feedback from the agent regarding next steps.",,,n/a,,
9/14/2026 13:54:24,connor.weiss@compass.com,1732 SW 103rd Place,19,"Eighteen groups attended the open house, and one private showing took place last week. Several parties expressed interest, with one considering submitting an offer. One party loved the house but needs to sell their current home first; however, their agent received a cancellation, so they are currently at a standstill. Another party loved the house but requires a garage. A third thought the house was beautiful but was concerned about potentially spending approximately $50,000 on a new roof and felt there was insufficient space for a shed, so they are not interested in moving forward.",,,n/a,,
9/14/2026 13:54:48,connor.weiss@compass.com,3900 Biscayne Blvd,0,"We received two calls from interested parties, but no in-person showings have taken place. One prospective buyer lives outside the country and is looking for a property in Miami. We sent all condominium documents and financial information for review.",,,n/a,,
9/14/2026 13:55:12,connor.weiss@compass.com,320 85th St. #15,0,"The property is officially live on the market. One showing is scheduled for tomorrow morning, September 15.",,,n/a,,
9/14/2026 13:55:44,connor.weiss@compass.com,650 NE 32nd St #2802,0,"We received multiple showing requests and are working to coordinate appointments with the tenant. She advised that she was out of town until today, September 14.",,,n/a,,
9/21/2026 9:38:38,natalia.figueroa@compass.com,1600 SW 1st Ave. #802,1 this week (2 in total of all time),They like the unit but they are not yet convinced on the area and they need a little more space .,N/A,,N/A,,
9/21/2026 11:54:47,connor.weiss@compass.com,8320 SW 66th St,1,One family toured the property last week and responded very positively. They plan to submit an offer and expect to return this week for a second showing with their contractor.,,,n/a,,
9/21/2026 11:55:13,connor.weiss@compass.com,540 NE 74th St,0,One interested party contacted us last week. We are currently coordinating a time for them to tour the property this week.,,,n/a,,
9/21/2026 11:55:34,connor.weiss@compass.com,10352 NW 131st St,0,,,,n/a,,
9/21/2026 11:56:08,connor.weiss@compass.com,244 Biscayne Blvd #3702,1,One showing took place last week. The buyers did not have a pleasant experience with building management and are no longer interested in the building. The buyers who previously submitted an offer are waiting to respond until they know whether their current unit will go under contract this week or if they will need to move forward with listing it.,,,n/a,,
9/21/2026 11:56:35,connor.weiss@compass.com,6061 Collins Ave #5F,0,,,,n/a,,
9/21/2026 11:57:04,connor.weiss@compass.com,999 SW 1st Ave #1906,0,No showings took place last week because the later move-in date did not work for the prospective tenant. We have a showing scheduled for tomorrow with a client who is flexible on the move-in date.,,,n/a,,
9/21/2026 11:57:32,connor.weiss@compass.com,234 Washington Ave A,1,"One showing took place last week and went well. However, the prospective buyer is unsure whether the space and layout will work for his needs. He has not made a final decision, and we will continue to follow up.",,,n/a,,
9/21/2026 11:58:14,connor.weiss@compass.com,1732 SW 103rd Pl,4,"Four private showings took place last week. One party liked the location but needs an efficiency setup for additional income, and the current layout does not work for them. Another party did not like the floors and felt the home still required too much work. A third party thought the home was very nice and liked the layout, but they are early in their search and want to explore additional options. The fourth party liked the home overall but is looking for a property with a larger yard. We also received an offer for $850,000 and submitted a counteroffer.",,,n/a,,
9/21/2026 11:58:50,connor.weiss@compass.com,3900 Biscayne Blvd,0,"We received two inquiries last week. One prospective buyer wanted to tour the unit, but we could not accommodate the requested time because it was occupied. We are now coordinating a showing for Sunday, when the unit will be available. He is an all-cash buyer looking to purchase before the end of the year, and we sent him the condominium documents and rental-income history. The second interested party is a buyer from Canada. We also provided them with the necessary documents, and they are currently completing their due diligence before deciding how to proceed.",,,n/a,,
9/21/2026 11:59:13,connor.weiss@compass.com,320 85th St #15,2,"Two showings took place last week. The first prospective tenant felt the unit did not show well because the existing furniture was not in good condition. Additionally, the electricity was not on, making the unit feel hot and dark. The second client is looking to move on October 1. She thought the unit was spacious but did not love the surrounding area or community.",,,n/a,,
9/21/2026 11:59:34,connor.weiss@compass.com,650 NE 32nd St #2802,7,"Five in-person showings and two virtual showings took place. We have received two offers so far. Feedback has been very positive, and the building currently has limited competing inventory.",,,n/a,,
9/21/2026 11:59:46,connor.weiss@compass.com,"19100 SW 354th St, Unit A",0,,,,n/a,,
9/21/2026 12:00:07,connor.weiss@compass.com,"19100 SW 354th St, Unit B",0,"One showing is scheduled for today, September 21, at noon. Another interested party advised that the asking price no longer works for their budget.",,,n/a,,
9/21/2026 12:02:31,connor.weiss@compass.com,8220 SW 162nd St,2,"We had two showings last week, and both went well. The prospective tenants loved the neighborhood and the yard. They also liked that the home is furnished, although they asked whether certain pieces could be removed because they did not suit their personal taste.",,,n/a,,
9/23/2026 10:40:45,natalia.figueroa@compass.com,1650 Coral Way #607,1,She liked the unit but found another unit in a different building that she liked more.,Brokers Open on Wednesday; 1 agent showed up,,N/A,,
9/28/2026 11:34:03,danica.noynay@compass.com,"8351 NW 7th Ct, 33324",0,NA,,,NA,,
9/28/2026 11:34:27,danica.noynay@compass.com,3821 NW 90th Ave Unit# 3821 Sunrise,1,No feedback received.,,,NA,,
9/28/2026 15:18:04,connor.weiss@compass.com,357 ALMERIA AVE 606,1,"One private showing took place last week. The prospective buyer is relocating from overseas and is primarily focusing his search in Coral Gables. He liked the property overall, particularly the location, but plans to explore additional options before making a decision.

We also received several other showing requests that were canceled at the last minute. Feedback from those prospective buyers included concerns about the unit’s overall square footage and the higher HOA fees.",,,N/A,,
9/28/2026 15:20:06,connor.weiss@compass.com,15471 SW 83rd Ave,19,"We had one private showing last week, along with 18 visitors at the weekend open house. Attendees responded very positively to the home’s finishes, expansive lot, pool, spacious backyard and generously sized primary bedroom.

One visitor noted a few finishing details, including exposed nails on the garage door, paint splatter on the garage floor, a gap between the ceiling and the kitchen cabinetry, and caulking in the primary bathroom that is beginning to chip.

We currently have another private showing scheduled for Wednesday. The social media video has also generated strong engagement, receiving more than 2,500 views and 26 shares.",,," 2,500+",,
9/28/2026 15:21:25,connor.weiss@compass.com,8220 SW 162nd St,1,One offer was received and ultimately rejected. ,,,N/A,,We recommend a price adjustment in October to generate additional interest and activity.
9/28/2026 15:36:26,connor.weiss@compass.com,8320 SW 66th St,1,One showing last week. The buyers really liked the lot and are reviewing the tree survey we provided to confirm whether they can build what they have planned.,,,N/A,,
9/28/2026 15:37:17,connor.weiss@compass.com,540 NE 74th St,0,One showing was requested for last weekend but could not be accommodated. The buyer has since shifted their focus to South Miami.,,,7400+,,
9/28/2026 15:38:04,connor.weiss@compass.com,10352 NW 131st St,0,We ran a social media advertising campaign that generated 795 views. We also hosted an open house with two visitors. Both parties liked the home but indicated that it was outside their budget.,,,795,,
9/28/2026 15:38:36,connor.weiss@compass.com,244 Biscayne Blvd #3702,0,"No showings last week. The interested buyers currently living in the building are unwilling to increase their offer above $605,000 at this time.",,,N/A,,
9/28/2026 15:38:56,connor.weiss@compass.com,6061 Collins Ave #5F,0,,,,N/A,,
9/28/2026 15:39:18,connor.weiss@compass.com,999 1st Ave #1906,1,"One showing last week. The client is specifically interested in this line within the building. They submitted an offer, but it was below the asking price. We are determining whether they are willing to increase it.",,,N/A,,
9/28/2026 15:39:46,connor.weiss@compass.com,234 Washington Ave,0,,,,N/A,,
9/28/2026 15:40:24,connor.weiss@compass.com,1732 SW 103rd Pl,1,"We ran a social media advertising campaign that generated 11,904 views. One showing is scheduled for this evening.",,,"11,904",,
9/28/2026 15:40:50,connor.weiss@compass.com,320 85th St #15,5,"Five showings last week, resulting in one offer.",,,N/A,,
9/28/2026 15:41:25,connor.weiss@compass.com,3900 Biscayne Blvd #1010,0,,,,N/A,,
9/28/2026 15:41:53,connor.weiss@compass.com,650 NE 32nd St #2802,2,Two additional showings took place last Friday. Four offers have been received.,,,N/A,,
9/28/2026 15:42:29,connor.weiss@compass.com,13536 SW 11th Ln,7,"Seven showings last week. We received several Section 8 inquiries, while several other interested parties required parking for three or more vehicles. Multiple agents indicated that their clients liked the home and intend to submit offers.",,,N/A,,
9/28/2026 15:43:36,connor.weiss@compass.com,"19100 SW 354th St, Unit B",0,One appointment scheduled for last week but didn't show. We made a video to send to a few clients. ,,,N/A,,
9/28/2026 15:43:54,connor.weiss@compass.com,19100 SW 354 ST A,0,,,,N/A,,